name,categories,images,rating,price,description,created_at,updated_at
Kore Regular Gym Bag,"[""All Exercise & Fitness""]",https://m.media-amazon.com/images/I/715B2hG++tL._AC_UL320_.jpg,2.9,10935,"A spacious, durable gym bag with multiple compartments to organize your workout essentials, perfect for daily gym sessions.",2025-02-12 16:04:48.188327,2025-02-12 16:04:48.188327
"Boldfit Resistance Tube with Foam Handles, Door Anchor for Exercise & Stretching, Suitable in Home & Gym Workout for Men &...","[""All Exercise & Fitness""]",https://m.media-amazon.com/images/I/71l0xZ29TfS._AC_UL320_.jpg,4.0,129553,"A versatile resistance tube designed with foam handles and a door anchor, ideal for strength training, stretching, and toning at home or in the gym. Suitable for both men and women.",2025-02-12 16:04:48.188327,2025-02-12 16:04:48.188327
"Strauss Exercise Latex Resistance Bands, (Set of 5)","[""All Exercise & Fitness""]",https://m.media-amazon.com/images/I/71yLuDGjJUL._AC_UL320_.jpg,4.1,194422,"A set of five durable latex resistance bands in varying resistance levels, perfect for improving strength, flexibility, and endurance during home or gym workouts.",2025-02-12 16:04:48.188327,2025-02-12 16:04:48.188327
AUXTER Faux Leather 23 Cms Duffle Bag(AUX_GB_LE_Black -SE_0521_Black),"[""All Exercise & Fitness""]",https://m.media-amazon.com/images/I/71xeudlt5EL._AC_UL320_.jpg,4.3,185155,"A stylish and functional faux leather duffle bag with a 23 cm depth, ideal for carrying gym essentials or weekend getaways. Features a sleek black design for both men and women.",2025-02-12 16:04:48.188327,2025-02-12 16:04:48.188327
Kore PVC 10-40 Kg Home Gym Set with One 3 Ft Curl and One Pair Dumbbell Rods with Gym Accessories,"[""All Exercise & Fitness""]",https://m.media-amazon.com/images/I/81XNzjmXi+L._AC_UL320_.jpg,3.6,758041,"A complete home gym set including PVC-coated weights, a 3 ft curl bar, and a pair of dumbbell rods, providing an effective strength training experience with a range of 10-40 kg.",2025-02-12 16:04:48.188327,2025-02-12 16:04:48.188327
MAXWELL®FIT-Yoga Mat for Women and Men Fitness (SIZE-4mm) with Carrying Strap Extra Thick & Large Excercise Mat for Workou...,"[""All Exercise & Fitness""]",https://m.media-amazon.com/images/I/61xWyTStjTL._AC_UL320_.jpg,4.0,314893,"A 4mm thick, extra-large yoga mat designed for both men and women. Provides ample space and cushioning for yoga, pilates, or general exercise routines, with a convenient carrying strap.",2025-02-12 16:04:48.188327,2025-02-12 16:04:48.188327
"OJS Skipping Rope for Men and Women Jumping Rope With Adjustable Height Speed Skipping Rope for Exercise, Gym, Sports Fitn...","[""All Exercise & Fitness""]",https://m.media-amazon.com/images/I/71V7BaHBcqL._AC_UL320_.jpg,3.9,185155,"An adjustable height skipping rope designed for both men and women, ideal for cardiovascular fitness, speed training, and toning, perfect for gym or home workouts.",2025-02-12 16:04:48.188327,2025-02-12 16:04:48.188327
"Kore PVC DM-5kg-Combo 161 Fixed Dumbbells Set and Fitness Kit for Men and Women Whole Body Workout, Multicolor","[""All Exercise & Fitness""]",https://m.media-amazon.com/images/I/713zoEM3wlL._AC_UL320_.jpg,3.8,92485,"A colorful set of fixed 5 kg PVC dumbbells, ideal for full-body workouts at home or in the gym. Suitable for both men and women for strengthening and toning exercises.",2025-02-12 16:04:48.188327,2025-02-12 16:04:48.188327
NIVIA Beast Gym Bag-4 Polyester/Unisex Gym Bags/Shoulder Bag for Men & Women with Separate Shoes Compartment/Carry Gym Acc...,"[""All Exercise & Fitness""]",https://m.media-amazon.com/images/I/51i9ODagRZL._AC_UL320_.jpg,4.2,148087,"A unisex gym bag made from durable polyester with a separate compartment for shoes. Perfect for carrying gym accessories, clothes, and personal items.",2025-02-12 16:04:48.188327,2025-02-12 16:04:48.188327
"Starx Plastic Xpvc Fixed Dumbbell Set, Adult 1Kg, Set of 2 (Blue)","[""All Exercise & Fitness""]",https://m.media-amazon.com/images/I/51k8rbleUML._AC_UL320_.jpg,3.4,109351,"A set of two 1 kg fixed dumbbells, made from durable plastic XPVC material. Designed for light strength training and toning, ideal for beginners and home gym enthusiasts.",2025-02-12 16:04:48.188327,2025-02-12 16:04:48.188327
"PURSUE FASHION Premium Cotton Ankle Socks for Men and Women - Free Size, Solid Unisex Ankle Length Socks, Pack of 5 (Multi...","[""All Exercise & Fitness""]",https://m.media-amazon.com/images/I/71gqkgPxczL._AC_UL320_.jpg,3.9,129553,Detailed description not available.,2025-02-12 16:04:48.188327,2025-02-12 16:04:48.188327
"SPIRO Black Color (Upto 40 Kg. Adjustable), Hand Gripper, Hand Grip Strenthener, Wooden Hand Gripper, Hand Grip Exerciser,...","[""All Exercise & Fitness""]",https://m.media-amazon.com/images/I/61qILzqY7qL._AC_UL320_.jpg,4.2,62089,Detailed description not available.,2025-02-12 16:04:48.188327,2025-02-12 16:04:48.188327
SPOKOFIT Finger Gripper Strength Trainer Forearm Exerciser Hand Yoga Resistance Band Exerciser Climbing,"[""All Exercise & Fitness""]",https://m.media-amazon.com/images/I/61QE6BcCq3L._AC_UL320_.jpg,3.5,129553,"A finger and forearm strength trainer with resistance band features, perfect for improving grip strength and forearm muscles. Ideal for climbers, athletes, and rehabilitation.",2025-02-12 16:04:48.188327,2025-02-12 16:04:48.188327
"SFANE Polyester 23 cms Navy Blue Gym Bag, Shoulder Bag, Sports Bag for Men & Women with Separate Shoes Compartment (Blue)","[""All Exercise & Fitness""]",https://m.media-amazon.com/images/I/91Ov-x9d3qL._AC_UL320_.jpg,4.3,258549,"A compact 23 cm navy blue polyester gym bag with a separate compartment for shoes, designed for men and women for convenient and organized storage of gym essentials.",2025-02-12 16:04:48.188327,2025-02-12 16:04:48.188327
"Cockatoo YM100 Yoga Mat For Women & Men, Anti Slip, EVA Material, (4mm-6mm) Exercise Mat For Home Gym |Yoga Mat For Gym Wo...","[""All Exercise & Fitness""]",https://m.media-amazon.com/images/I/71Y5C+puYhL._AC_UL320_.jpg,3.6,111019,"A non-slip EVA yoga mat designed for both men and women, providing a stable and comfortable surface for yoga, pilates, and other fitness exercises. Available in thicknesses of 4mm-6mm.",2025-02-12 16:04:48.188327,2025-02-12 16:04:48.188327
"Slovic Pull-Up Bar for Home Workout | Non-Slip Carbon Steel Gym Bar (Load Capacity: 100 Kg) | Adjustable in Length, Mounta...","[""All Exercise & Fitness""]",https://m.media-amazon.com/images/I/61tUNRjrfLL._AC_UL320_.jpg,3.8,277825,"A sturdy, non-slip carbon steel pull-up bar with adjustable length, designed for home workouts. Supports a load capacity of up to 100 kg, ideal for upper body strength training.",2025-02-12 16:04:48.188327,2025-02-12 16:04:48.188327
"IRONFIX® Adjustable Hand Grip Exerciser, Hand Grip Strengthener, Wrist Exerciser, Forearm Exerciser, hand gripper (10 to 4...","[""All Exercise & Fitness""]",https://m.media-amazon.com/images/I/316UVorsJGL._AC_UL320_.jpg,4.5,55417,Detailed description not available.,2025-02-12 16:04:48.188327,2025-02-12 16:04:48.188327
FitBox Sports 8kg Exlusive Octa PVC Dumbbells (4kg x 2) Black,"[""All Exercise & Fitness""]",https://m.media-amazon.com/images/I/51WynL9B8DL._AC_UL320_.jpg,3.6,46150,"A set of two 4 kg PVC-coated octagonal dumbbells, perfect for strength training, bodybuilding, or toning exercises. Durable, ergonomic, and easy to use for both beginners and advanced users.",2025-02-12 16:04:48.188327,2025-02-12 16:04:48.188327
Boldfit Yoga Belt for Women and Men - Yoga Strap for Stretching with Extra Safe Adjustable D-Ring Buckle - Durable and Com...,"[""All Exercise & Fitness""]",https://m.media-amazon.com/images/I/71huWu51SyL._AC_UL320_.jpg,4.3,92485,"A durable and adjustable yoga belt with a D-ring buckle, designed for men and women. Ideal for deepening stretches, improving flexibility, and enhancing yoga practice.",2025-02-12 16:04:48.188327,2025-02-12 16:04:48.188327
"Fashnex Resistance Bands Set for Exercise, Stretching and Workout Toning Tube Kit with Foam Handles, Door Anchor, Ankle St...","[""All Exercise & Fitness""]",https://m.media-amazon.com/images/I/71MobOdXOzL._AC_UL320_.jpg,4.4,277825,"A set of high-quality resistance bands for stretching, toning, and strengthening exercises. Includes foam handles, a door anchor, and ankle straps for versatile workout options.",2025-02-12 16:04:48.188327,2025-02-12 16:04:48.188327
"SLOVIC Resistance Tube Band with Sturdy Handles, Door Anchor for Men and Women with Extensive Guide Containing 30 Plus Exe...","[""All Exercise & Fitness""]",https://m.media-amazon.com/images/I/81K6ZfEHT1L._AC_UL320_.jpg,4.3,741175,"A durable resistance tube with sturdy handles and a door anchor, perfect for home or gym workouts. Includes a guide with over 30 exercises for full-body training.",2025-02-12 16:04:48.188327,2025-02-12 16:04:48.188327
"Boldfit Fabric Resistance Band - Loop Hip Band for Women & Men for Hip, Legs, Stretching, Toning Workout","[""All Exercise & Fitness""]",https://m.media-amazon.com/images/I/61Ece6QydKL._AC_UL320_.jpg,4.3,111019,"A fabric loop resistance band for both men and women, designed for hip, leg, and glute exercises. Ideal for toning, stretching, and enhancing workouts.",2025-02-12 16:04:48.188327,2025-02-12 16:04:48.188327
"PRO365 Abs 15 in 1 Performance Push Up Board 6 Months Warranty, Professional Push Up Strength Training Equipment","[""All Exercise & Fitness""]",https://m.media-amazon.com/images/I/61lqdI6jiOL._AC_UL320_.jpg,3.7,185155,"A 15-in-1 push-up board designed for strength training, targeting multiple muscle groups. Includes a 6-month warranty and provides professional-grade performance for push-up variations.",2025-02-12 16:04:48.188327,2025-02-12 16:04:48.188327
"Boldfit Gym Gloves for Men with Wrist Support Accessories, Gym Gloves for Women for Weightlifting, Gloves for Gym Workout ...","[""All Exercise & Fitness""]",https://m.media-amazon.com/images/I/91tWizOWWVL._AC_UL320_.jpg,4.6,148087,"High-quality gym gloves with wrist support, designed for men and women. Ideal for weightlifting, bodybuilding, and other strength training workouts, offering both comfort and protection.",2025-02-12 16:04:48.188327,2025-02-12 16:04:48.188327
"Sfane Polyester 9.05 Black Men & Women Trendy Black Sports Duffle Gym Bag, Shoulder Bag","[""All Exercise & Fitness""]",https://m.media-amazon.com/images/I/81sIImm1GPL._AC_UL320_.jpg,4.2,166621,"A trendy black polyester duffle gym bag designed for men and women, featuring ample storage space and a shoulder strap for easy carrying during workouts or travel.",2025-02-12 16:04:48.188327,2025-02-12 16:04:48.188327
"ODDISH WAY TO FITNESS Push Up Board System, 15 in 1 Body Building Exercise Tools Workout Push Up Stands, Push Up Workout B...","[""All Exercise & Fitness""]",https://m.media-amazon.com/images/I/71ltN3LQZSL._AC_UL320_.jpg,4.7,240757,"A versatile 15-in-1 push-up board system designed for full-body strength training, allowing users to perform various push-up styles with ease and effectiveness.",2025-02-12 16:04:48.188327,2025-02-12 16:04:48.188327
SOLARA Unbreakable Resistance Band for Exercise (11pc)| 100% Natural Latex Fitness Resistance Tube | Resistance Bands for ...,"[""All Exercise & Fitness""]",https://m.media-amazon.com/images/I/814KYW5Zn1L._AC_UL320_.jpg,4.4,463165,"An 11-piece unbreakable resistance band set made from 100% natural latex, designed for resistance training, stretching, and improving overall fitness.",2025-02-12 16:04:48.188327,2025-02-12 16:04:48.188327
"DOVEAZ® Sports Water Bottle for Gym, Protein Shaker Bottle, Gallon Water Bottle (1.5 LTR) with Mixer Ball and Strainer (BP...","[""All Exercise & Fitness""]",https://m.media-amazon.com/images/I/61t+KbxoCWL._AC_UL320_.jpg,4.4,111019,"A 1.5-liter sports water bottle designed for gym-goers and athletes, featuring a mixer ball and strainer for protein shakes or hydration during workouts.",2025-02-12 16:04:48.188327,2025-02-12 16:04:48.188327
Aurion Weight Band 0.5 KG X 2 (Black)| Resistance Exercise | Resistance Bands | Wrist Ankle | Fitness Band | Unisex Workou...,"[""All Exercise & Fitness""]",https://m.media-amazon.com/images/I/81UKawz-hYL._AC_UL320_.jpg,4.1,36883,A pair of 0.5 kg weight bands designed for resistance exercises. Can be used on wrists or ankles for added resistance during strength training and cardio workouts.,2025-02-12 16:04:48.188327,2025-02-12 16:04:48.188327
SPOKOFIT Finger Expander Finger Extension Exerciser Climbing Finger Hand Paralysis Rehabilitation Training and Home Exerci...,"[""All Exercise & Fitness""]",https://m.media-amazon.com/images/I/514FiEY9OPL._AC_UL320_.jpg,3.3,166621,"A finger expander designed to help with finger strength, rehabilitation, and extension exercises. Ideal for climbers, injury recovery, or improving hand flexibility.",2025-02-12 16:04:48.188327,2025-02-12 16:04:48.188327
ENDEAVOUR WEAR Men's Regular Fit Trackpants,"[""All Exercise & Fitness""]",https://m.media-amazon.com/images/I/61R11o1DC+S._AC_UL320_.jpg,4.0,185155,"Comfortable men's trackpants designed for regular fit, perfect for workouts or casual wear. Made from breathable fabric for all-day comfort.",2025-02-12 16:04:48.188327,2025-02-12 16:04:48.188327
"Boldfit Foam Roller for Back Pain, Deep Tissue Massage and Body Pain High Density Foam Roller for Exercise in Gym, Home Ba...","[""All Exercise & Fitness""]",https://m.media-amazon.com/images/I/61fVjSC3ekL._AC_UL320_.jpg,4.3,240757,"A high-density foam roller designed for deep tissue massage and back pain relief. Ideal for muscle recovery, stretching, and self-myofascial release at home or in the gym.",2025-02-12 16:04:48.188327,2025-02-12 16:04:48.188327
Boldfit Resistance Bands Mini Loop Hip Band/Toning Exercise Band for Gym Booty Belt/Latex Band/Thera Band/Theraband for Fi...,"[""All Exercise & Fitness""]",https://m.media-amazon.com/images/I/71jz4644-oL._AC_UL320_.jpg,4.2,185155,"A mini loop resistance band designed for targeted hip and glute exercises. Perfect for toning, strengthening, and enhancing workouts.",2025-02-12 16:04:48.188327,2025-02-12 16:04:48.188327
"AmazonBasics Polyvinyl Chloride, Polypropylene Standard Jump Rope, Grey","[""All Exercise & Fitness""]",https://m.media-amazon.com/images/I/81wdb6hG6iL._AC_UL320_.jpg,4.3,111204,"A standard jump rope made from durable PVC and polypropylene materials, perfect for cardio workouts, improving endurance, and toning the entire body.",2025-02-12 16:04:48.188327,2025-02-12 16:04:48.188327
Boldfit Forearm Strengthener Wrist Exercise Equipment Arm Strengthener Grip Strengthener Fitness Equipment Home Gym Equipm...,"[""All Exercise & Fitness""]",https://m.media-amazon.com/images/I/61Xb+79FRXL._AC_UL320_.jpg,4.9,129553,"An effective forearm strengthener designed for building wrist and grip strength. Ideal for athletes, weightlifters, or anyone looking to improve arm strength.",2025-02-12 16:04:48.188327,2025-02-12 16:04:48.188327
"Aurion Premium Super Weight Lifting Belt (Medium, Black, Pack of 1) for Men and Women | Body Fitness Gym Back Support Weig...","[""All Exercise & Fitness""]",https://m.media-amazon.com/images/I/81ADWunLvuL._AC_UL320_.jpg,4.2,148087,"A premium weightlifting belt designed to provide back support during heavy lifts. Made from durable materials, it helps prevent injury and enhance performance.",2025-02-12 16:04:48.188327,2025-02-12 16:04:48.188327
Protoner Home Gym Set with Accessories,"[""All Exercise & Fitness""]",https://m.media-amazon.com/images/I/71l9Sw3XIaS._AC_UL320_.jpg,3.6,555835,"A complete home gym set including weights, bars, and accessories for a full-body workout experience at home. Perfect for strength training and fitness enthusiasts.",2025-02-12 16:04:48.188327,2025-02-12 16:04:48.188327
KORE DM-HEXA-5KG-COMBO16 Dumbbells Kits,"[""All Exercise & Fitness""]",https://m.media-amazon.com/images/I/71hmkD6-0xL._AC_UL320_.jpg,4.4,635716,"A set of hexagonal 5 kg dumbbells, ideal for strength training, toning, and bodybuilding. The kit includes multiple weights to suit various fitness levels.",2025-02-12 16:04:48.188327,2025-02-12 16:04:48.188327
CONSONANTIAM Finger Gripper Strength Trainer Forearm Exerciser Hand Yoga Resistance Band Finger Expander Finger Extension ...,"[""All Exercise & Fitness""]",https://m.media-amazon.com/images/I/514FiEY9OPL._AC_UL320_.jpg,3.0,183487,"A versatile finger and forearm exerciser designed to enhance grip strength and finger mobility, suitable for hand yoga, rehabilitation, or strength training.",2025-02-12 16:04:48.188327,2025-02-12 16:04:48.188327
"AmazonBasics 13mm Extra Thick Yoga and Exercise Mat with Carrying Strap, Purple","[""All Exercise & Fitness""]",https://m.media-amazon.com/images/I/71cDx2JQy5L._AC_UL320_.jpg,4.2,296544,"An extra-thick, 13mm yoga mat with a carrying strap, designed for comfort and stability during yoga, pilates, or any floor-based exercises.",2025-02-12 16:04:48.188327,2025-02-12 16:04:48.188327
BLINKIN Gym wear Mesh Leggings Workout Pants with Side Pockets/Stretchable Tights/Highwaist Sports Fitness Yoga Track Pant...,"[""All Exercise & Fitness""]",https://m.media-amazon.com/images/I/61OZ2jbO7pL._AC_UL320_.jpg,4.1,311371,"Mesh workout leggings with stretchable fabric, side pockets, and a high waist. Perfect for yoga, fitness classes, or casual wear.",2025-02-12 16:04:48.188327,2025-02-12 16:04:48.188327
ALN® Tummy Twister Abdominal ABS Exerciser Body Toner-Fat Buster Oblique Workout Perfect Waist Trimmer Home Gym Equipment ...,"[""All Exercise & Fitness""]",https://m.media-amazon.com/images/I/51GLzwqs1vL._AC_UL320_.jpg,3.9,240757,"A body toner designed to target the abs and obliques, promoting fat burning and toning exercises. Ideal for home gyms and daily workouts.",2025-02-12 16:04:48.188327,2025-02-12 16:04:48.188327
Spanco PVC (Round Shape) Dumbbells for Home Gym Equipment Fitness Barbell|Gym Exercise|Home Workout | Fitness Kit|Dumbbell...,"[""All Exercise & Fitness""]",https://m.media-amazon.com/images/I/61VcW8otphL._AC_UL320_.jpg,3.5,33732,"Round-shaped PVC dumbbells designed for home gym use. Perfect for strengthening exercises, toning, and enhancing workout routines.",2025-02-12 16:04:48.188327,2025-02-12 16:04:48.188327
"Kobo WTG-05 Leather Gym Gloves, Medium (Black)","[""All Exercise & Fitness""]",https://m.media-amazon.com/images/I/51BipDnNkrL._AC_UL320_.jpg,4.0,66722,"Durable leather gym gloves for men and women, offering hand protection and comfort during weightlifting and strength training. Medium size for a snug fit.",2025-02-12 16:04:48.188327,2025-02-12 16:04:48.188327
"Lifelong PVC Home Gym Set 10Kg Plate 3Feet Curl Rod and Dumbbells Rods with Gym Accessories, Black","[""All Exercise & Fitness""]",https://m.media-amazon.com/images/I/81f76RWGiYL._AC_UL320_.jpg,3.6,592903,"A complete home gym set with 10 kg plates, a 3-feet curl rod, dumbbells rods, and additional accessories for versatile home workouts.",2025-02-12 16:04:48.188327,2025-02-12 16:04:48.188327
SignoraWare Charger Stainless Steel Protein Shaker Bottle for Pre-Post Workout | Water Bottle | Leakproof with Knob (750ml...,"[""All Exercise & Fitness""]",https://m.media-amazon.com/images/I/51oBoS87qiL._AC_UL320_.jpg,4.3,120286,"A leakproof 750ml protein shaker bottle made from stainless steel, designed for mixing pre and post-workout shakes, with a convenient knob for easy use.",2025-02-12 16:04:48.188327,2025-02-12 16:04:48.188327
RUBX Rubber Coated Professional Exercise Hex Fixed Dumbbells (Pack of Two) 5 Kg x 2pc (Total = 10 kg) Black,"[""All Exercise & Fitness""]",https://m.media-amazon.com/images/I/61mUc9vBJqL._AC_UL320_.jpg,4.6,556020,"A pair of professional-grade hexagonal rubber-coated dumbbells, 5 kg each, perfect for home or gym use. Provides superior grip and durability for strength training.",2025-02-12 16:04:48.188327,2025-02-12 16:04:48.188327
"Boldfit Resistance Bands for Workout Dual Color Heavy Resistance Band for Stretching, Pull ups, Home Exercise Resistance B...","[""All Exercise & Fitness""]",https://m.media-amazon.com/images/I/61CCr59fvlL._AC_UL320_.jpg,4.2,111019,"A heavy-duty dual-color resistance band, designed for stretching, pull-ups, and strength training. Perfect for home exercises, fitness routines, or mobility improvement.",2025-02-12 16:04:48.188327,2025-02-12 16:04:48.188327
"Unisex Hexagon Rubber Vinyl Fixed Dumbbell - Pair Set Hand Weights for Strength Training - Weight Loss, Workout Bench, Gym...","[""All Exercise & Fitness""]",https://m.media-amazon.com/images/I/71pcrSXprsL._AC_UL320_.jpg,4.4,1195443,"A pair of hexagonal rubber-coated dumbbells designed for strength training, weight loss, and overall fitness. Suitable for a variety of workout types, including bench exercises and cardio.",2025-02-12 16:04:48.188327,2025-02-12 16:04:48.188327
Reach AB-110 Air Bike Exercise Cycle with Moving or Stationary Handle | Adjustable Resistance with Cushioned Seat | Fitnes...,"[""All Exercise & Fitness""]",https://m.media-amazon.com/images/I/51hDX7cVycL._AC_UL320_.jpg,4.1,2224080,"A versatile air bike designed for full-body workouts, featuring moving and stationary handles. Adjustable resistance levels and a cushioned seat make it perfect for home or gym use, offering effective cardio and muscle toning.",2025-02-12 16:04:48.188327,2025-02-12 16:04:48.188327
"AGARO FR4921, High Density, For Deep Tissue Muscle Massage with Carrying Bag, Myofascial Trigger Point Release","[""All Exercise & Fitness""]",https://m.media-amazon.com/images/I/71Sp5kiKjmL._AC_UL320_.jpg,4.1,240757,"A high-density muscle massager designed for deep tissue massage and trigger point release. Comes with a carrying bag, ideal for relieving muscle tension and improving recovery after workouts.",2025-02-12 16:04:48.188327,2025-02-12 16:04:48.188327
LAFILLETTE 150 lbs Metal Hand Gripper Forearm Wrist Heavy Strength Exercise Hand Grip/Fitness Grip (Black),"[""All Exercise & Fitness""]",https://m.media-amazon.com/images/I/41oTg0XNbFL._AC_UL320_.jpg,4.5,222223,"A heavy-duty metal hand gripper designed for strengthening forearms, wrists, and fingers. Ideal for improving grip strength and enhancing performance in sports or weightlifting, with a resistance capacity of up to 150 lbs.",2025-02-12 16:04:48.188327,2025-02-12 16:04:48.188327
"Aurion Genuine Leather Pro Weight Lifting Belt, Durable Comfortable & Adjustable With Buckle, Stabilizing Lower Back Suppo...","[""All Exercise & Fitness""]",https://m.media-amazon.com/images/I/813g2hRYuoL._AC_UL320_.jpg,4.4,166621,A premium leather weightlifting belt designed for maximum comfort and durability. Adjustable with a buckle to provide stabilizing support for the lower back during heavy lifts.,2025-02-12 16:04:48.188327,2025-02-12 16:04:48.188327
SPIRO PVC (Round/Hex) Dumbbells (1 Kg. X 2 = 2 Kg) Pack of 2 for Home Gym Equipment Fitness Barbell|Gym Exercise|Home Work...,"[""All Exercise & Fitness""]",https://m.media-amazon.com/images/I/61VcW8otphL._AC_UL320_.jpg,3.5,37068,"A set of two 1 kg PVC dumbbells, designed for home gym use. The round or hexagonal shape provides easy grip and stability for strength training exercises.",2025-02-12 16:04:48.188327,2025-02-12 16:04:48.188327
"Pull up Bar for Home, Sportneer Adjustable Length Hanging Rod for Height Increase No Screws Anti-skid Grip Hanging Bar for...","[""All Exercise & Fitness""]",https://m.media-amazon.com/images/I/61JDnhgeIuL._AC_UL320_.jpg,4.4,444631,"An adjustable pull-up bar that can be mounted without screws. Features an anti-skid grip for a secure workout experience, perfect for home use and enhancing upper body strength.",2025-02-12 16:04:48.188327,2025-02-12 16:04:48.188327
Dr Trust AB Wheel (USA) Abdominal Exercise Ab Blaster Fitness Roller Wheel Equipment with Knee Mat for Men & Women (Black),"[""All Exercise & Fitness""]",https://m.media-amazon.com/images/I/81uD8dr+YbL._AC_UL320_.jpg,4.4,278010,"A durable abdominal wheel with a knee mat, designed to target core muscles for effective ab workouts. Ideal for both men and women, providing a full range of motion for abdominal strengthening.",2025-02-12 16:04:48.188327,2025-02-12 16:04:48.188327
MAXWELL® Fitness Yoga Mat for Women and Men(SIZE-6mm) with Carrying Strap Extra Thick & Large Excercise Mat for Workout Yo...,"[""All Exercise & Fitness""]",https://m.media-amazon.com/images/I/61L7qCh-xOL._AC_UL320_.jpg,4.6,314893,"A 6mm thick yoga mat providing ample cushioning and stability during yoga or general workouts. Comes with a carrying strap for easy transport, suitable for both men and women.",2025-02-12 16:04:48.188327,2025-02-12 16:04:48.188327
"Nivia 11044 Weight Lifting Wrist Support, Free Size (Black)","[""All Exercise & Fitness""]",https://m.media-amazon.com/images/I/41ClL2Bug8L._AC_UL320_.jpg,4.3,81550,"A black wrist support designed for weightlifting, providing added stability and protection during heavy lifts. The free-size design fits most wrist sizes.",2025-02-12 16:04:48.188327,2025-02-12 16:04:48.188327
Lycan Wrist/Ankle Weights 4 kg (2 kg Each x 2 pc),"[""All Exercise & Fitness""]",https://m.media-amazon.com/images/I/71scShG3UlL._AC_UL320_.jpg,4.0,222223,"A set of wrist or ankle weights, each weighing 2 kg. Ideal for adding extra resistance to cardio, strength training, or walking exercises.",2025-02-12 16:04:48.188327,2025-02-12 16:04:48.188327
Unbeatable Polyester Spandex Men's Sports Running Set Compression Shirt + Pants Skin-Tight Long Sleeves Quick Dry Fitness ...,"[""All Exercise & Fitness""]",https://m.media-amazon.com/images/I/41ySXF78faL._AC_UL320_.jpg,3.6,185155,"A skin-tight, quick-drying polyester spandex running set for men, designed for compression during sports activities. The set includes a compression shirt and pants for enhanced performance.",2025-02-12 16:04:48.188327,2025-02-12 16:04:48.188327
DIGITAL SHOPEE Skin Ultra Thin Socks for Women & Girls - Multicolor,"[""All Exercise & Fitness""]",https://m.media-amazon.com/images/I/514m+JUaR8L._AC_UL320_.jpg,3.7,240757,"A pack of ultra-thin, breathable socks designed for women and girls. Available in multiple colors, these socks are perfect for daily wear, yoga, or casual outings.",2025-02-12 16:04:48.188327,2025-02-12 16:04:48.188327
"OLAHRAGA Adjustable Hand Grip Strengthener Resistance from5-60 kg, Non-Slip Hand Gripper Perfect for Musicians Athletes an...","[""All Exercise & Fitness""]",https://m.media-amazon.com/images/I/51DO2xw67zL._AC_UL320_.jpg,4.3,185155,"An adjustable hand grip strengthener with resistance ranging from 5-60 kg. Non-slip design makes it suitable for improving grip strength in athletes, musicians, and general fitness enthusiasts.",2025-02-12 16:04:48.188327,2025-02-12 16:04:48.188327
Jockey Women Boy Leg,"[""All Exercise & Fitness""]",https://m.media-amazon.com/images/I/7152PCh-V8L._AC_UL320_.jpg,4.2,45408,"A comfortable and supportive boy leg design for women, providing full coverage and a secure fit. Ideal for everyday wear or light sports activities.",2025-02-12 16:04:48.188327,2025-02-12 16:04:48.188327
Zexer Men Men Compression T-Shirt Gym and Sports Wear T-Shirt for Men | Body fit Skinny T-Shirt (Black,"[""All Exercise & Fitness""]",https://m.media-amazon.com/images/I/51gLonI8VsL._AC_UL320_.jpg,4.1,62830,"A body-fit compression t-shirt designed for men, ideal for gym and sports activities. The skinny design enhances muscle definition while providing comfort and support.",2025-02-12 16:04:48.188327,2025-02-12 16:04:48.188327
JUGULAR Men's Slim Fit Track pants,"[""All Exercise & Fitness""]",https://m.media-amazon.com/images/I/71r3RWbLWAL._AC_UL320_.jpg,3.7,185155,"Slim fit track pants designed for men, providing comfort and flexibility for workouts or casual wear. Ideal for running, gym sessions, or everyday activities.",2025-02-12 16:04:48.188327,2025-02-12 16:04:48.188327
Kore (PVC/ Rubber/ Coloured Rubber/ Steel/ Professional Metal Integrted)  10 - 30 Kg Spare Weight Plates Combo,"[""All Exercise & Fitness""]",https://m.media-amazon.com/images/I/61eI78WDoQL._AC_UL320_.jpg,3.7,46150,Detailed description not available.,2025-02-12 16:04:48.188327,2025-02-12 16:04:48.188327
"Rioff® Steel Pull Up Chin up Bar, Steel Chin Up, Sangal Rod with Chain Hanging Rod ChinUp Bar, Height Increaser and Pull E...","[""All Exercise & Fitness""]",https://m.media-amazon.com/images/I/51OZ1x5Zt6L._AC_UL320_.jpg,4.2,231490,"A steel chin-up bar designed for enhancing upper body strength. Features a chain hanging rod for easy installation, and functions as a height increaser for pull-ups and chin-ups.",2025-02-12 16:04:48.188327,2025-02-12 16:04:48.188327
Aurion PVC Dumbbells - (1kg*2) (2kg*2) (3kg*2) (Set of 3) | Premium Hand Weight Dumbbell | Exercise and Fitness Training E...,"[""All Exercise & Fitness""]",https://m.media-amazon.com/images/I/71t8ANKkBzL._AC_UL320_.jpg,4.0,185155,"A set of premium PVC dumbbells, available in 1kg, 2kg, and 3kg pairs. Perfect for home gym use and strength training, designed for durability and ease of use.",2025-02-12 16:04:48.188327,2025-02-12 16:04:48.188327
"FitBox Sports Intruder Hand Grips, Set of 2 (Black)","[""All Exercise & Fitness""]",https://m.media-amazon.com/images/I/618dJgxlsrL._AC_UL320_.jpg,3.3,88036,A set of two hand grips designed to strengthen hand and forearm muscles. Ideal for improving grip strength and endurance during workouts or training.,2025-02-12 16:04:48.188327,2025-02-12 16:04:48.188327
"BROGBUS Weight Lifting Workout Gym Gloves with Wrist Support for Men and Women (XL, Black) Material: neoprene","[""All Exercise & Fitness""]",https://m.media-amazon.com/images/I/514qXNC3aeL._AC_UL320_.jpg,4.3,111019,"Neoprene gym gloves designed for weight lifting, featuring wrist support for added stability and protection. The XL size fits most hands, suitable for men and women.",2025-02-12 16:04:48.188327,2025-02-12 16:04:48.188327
Adidas Unisex Low Cut Cotton Blend Socks (Pack Of 3) (AD-0632 Lt Grey Mel/Black/Anthra Mel_Multicolor),"[""All Exercise & Fitness""]",https://m.media-amazon.com/images/I/81GffNsMvxL._AC_UL320_.jpg,4.0,101752,"A pack of three pairs of low-cut cotton blend socks from Adidas, offering comfort and breathability during sports or everyday use. Available in various colors to suit different preferences.",2025-02-12 16:04:48.188327,2025-02-12 16:04:48.188327
PLUMBURY Women's Nylon Lightly Padded Wire Free Sports Bra,"[""All Exercise & Fitness""]",https://m.media-amazon.com/images/I/61uC3C7agpS._AC_UL320_.jpg,3.6,166621,"A lightly padded, wire-free sports bra made from nylon, offering comfortable support for low-impact activities. Ideal for everyday wear and sports performance.",2025-02-12 16:04:48.188327,2025-02-12 16:04:48.188327
"FitBox Sports Adjustable Black/Gray Hand Grip (10kg - 40kg) Finger Excerciser, Hand Gripper For Men & Women","[""All Exercise & Fitness""]",https://m.media-amazon.com/images/I/61qILzqY7qL._AC_UL320_.jpg,3.9,90631,"An adjustable hand grip exerciser designed to strengthen fingers, wrists, and forearms. With resistance from 10kg to 40kg, it is perfect for both men and women.",2025-02-12 16:04:48.188327,2025-02-12 16:04:48.188327
Jockey Women's Cotton Top,"[""All Exercise & Fitness""]",https://m.media-amazon.com/images/I/71CYNFNXZrL._AC_UL320_.jpg,4.1,62830,"A comfortable cotton top designed for women, perfect for casual wear or light workouts. Soft, breathable fabric provides all-day comfort.",2025-02-12 16:04:48.188327,2025-02-12 16:04:48.188327
"OJS Yoga Mat for Women and Men with Strap And Cover Bag TPE Material Extra Thick Exercise Yoga Mat for Men for Workout, Yo...","[""All Exercise & Fitness""]",https://m.media-amazon.com/images/I/61i+MEUIOPL._AC_UL320_.jpg,5.0,277825,"An extra-thick TPE yoga mat with a carrying strap and cover bag, designed for both men and women. Ideal for yoga, workouts, and providing a stable and comfortable surface.",2025-02-12 16:04:48.188327,2025-02-12 16:04:48.188327
"Harissons Jake Gym Bag, 31 L Duffel Bag with Shoe Compartment - Navy Red, Unisex, Polyester | 3 in 1 Multi-Purpose Duffle ...","[""All Exercise & Fitness""]",https://m.media-amazon.com/images/I/81n3kmyrMGL._AC_UL320_.jpg,4.2,305626,"A versatile 31L gym duffel bag with a separate shoe compartment, made from durable polyester. Ideal for both men and women, this unisex bag is perfect for gym, travel, and everyday use.",2025-02-12 16:04:48.188327,2025-02-12 16:04:48.188327
"GOCART WITH G LOGO Resistance Bands, Exercise Bands Include 5 Different Levels Exercise Bands, Door Anchor, Foam Handles, ...","[""All Exercise & Fitness""]",https://m.media-amazon.com/images/I/71CjS28Z1zL._AC_UL320_.jpg,4.0,370495,"A set of resistance bands with five different resistance levels, complete with foam handles and a door anchor. Perfect for home or gym workouts, toning, and flexibility exercises.",2025-02-12 16:04:48.188327,2025-02-12 16:04:48.188327
EIO Unisex Kids Cotton Pajama Pants Pack of 6,"[""All Exercise & Fitness""]",https://m.media-amazon.com/images/I/51i9ProxZyL._AC_UL320_.jpg,3.8,277825,"A pack of six pairs of soft cotton pajama pants for kids. Comfortable and breathable, these are perfect for bedtime or lounging around the house.",2025-02-12 16:04:48.188327,2025-02-12 16:04:48.188327
"Boldfit Skipping Rope for Men and Women Jumping Rope With Adjustable Height Speed Skipping Rope for Exercise, Gym, Sports ...","[""All Exercise & Fitness""]",https://m.media-amazon.com/images/I/61GHfimWwuL._AC_UL320_.jpg,4.1,55417,"A high-quality skipping rope with adjustable height, designed for both men and women. Ideal for cardiovascular fitness, speed training, and toning muscles.",2025-02-12 16:04:48.188327,2025-02-12 16:04:48.188327
"STRAUSS Yoga Belt (Blue, 8 Feet)","[""All Exercise & Fitness""]",https://m.media-amazon.com/images/I/81H-LScfRIL._AC_UL320_.jpg,4.2,78770,"An 8-foot yoga belt in blue, designed for deepening stretches and improving flexibility. Durable and adjustable, ideal for yoga practice and physical therapy.",2025-02-12 16:04:48.188327,2025-02-12 16:04:48.188327
Signamio® Yoga Belt 8 Loop for Women and Men Extra Thick Exercise for Workout Yoga Fitness - Blue-Black-1pcs,"[""All Exercise & Fitness""]",https://m.media-amazon.com/images/I/71nvBRv6CoL._AC_UL320_.jpg,4.3,129553,"An extra-thick 8-loop yoga belt for both men and women, designed to assist in stretching, flexibility, and yoga poses. The durable material ensures a secure hold.",2025-02-12 16:04:48.188327,2025-02-12 16:04:48.188327
Chromozome Men's Regular Shorts,"[""All Exercise & Fitness""]",https://m.media-amazon.com/images/I/61aA1ucTyJL._AC_UL320_.jpg,3.9,122139,"Comfortable men's regular shorts designed for casual wear or light workouts. Made from breathable fabric, perfect for warm weather or active use.",2025-02-12 16:04:48.188327,2025-02-12 16:04:48.188327
"Amazon Brand - Symactive Rubber Coated Hex Dumbbells, Set of 2, 5 Kg","[""All Exercise & Fitness""]",https://m.media-amazon.com/images/I/81nZnXUMtjL._AC_UL320_.jpg,4.5,574554,"A set of two 5 kg rubber-coated hexagonal dumbbells, designed for home gym use. The rubber coating prevents damage to floors while providing a secure grip for strength training.",2025-02-12 16:04:48.188327,2025-02-12 16:04:48.188327
Birthday Popper Drawstring Sack Bag (Set of 15) Birthday Return Gifts for All Age Group,"[""All Exercise & Fitness""]",https://m.media-amazon.com/images/I/71UYw8OS79L._AC_UL320_.jpg,4.0,166806,"A set of 15 drawstring sack bags, perfect for birthday parties or return gifts. Ideal for packaging small gifts or treats for guests of all ages.",2025-02-12 16:04:48.188327,2025-02-12 16:04:48.188327
"Fitness Mantra® EVA Yoga Mat for Gym Workout and Yoga Exercise with 6mm Thickness, Anti-Slip Yoga Mat for Men & Women Fitn...","[""All Exercise & Fitness""]",https://m.media-amazon.com/images/I/61-w1cccjwL._AC_UL320_.jpg,4.0,277825,"A 6mm thick EVA yoga mat providing extra cushioning and support during yoga, Pilates, or other exercises. Anti-slip surface ensures stability for both men and women.",2025-02-12 16:04:48.188327,2025-02-12 16:04:48.188327
"Fashnex Resistance Band - 1.5 Meters Therapy Band - Exercise Band for Gym, Workout, Yoga, Physical Therapy, Home Exercise ...","[""All Exercise & Fitness""]",https://m.media-amazon.com/images/I/61MGJI4mUuS._AC_UL320_.jpg,4.4,88785,"A 1.5-meter resistance band designed for therapy, exercise, yoga, and physical therapy. Ideal for strengthening muscles, improving flexibility, and supporting rehabilitation.",2025-02-12 16:04:48.188327,2025-02-12 16:04:48.188327
Alan Jones Clothing Men's Slim Fit Track pants,"[""All Exercise & Fitness""]",https://m.media-amazon.com/images/I/81t3XS8UciL._AC_UL320_.jpg,4.0,240757,"Slim fit track pants designed for men, offering flexibility and comfort during workouts, running, or casual wear.",2025-02-12 16:04:48.188327,2025-02-12 16:04:48.188327
"FEGSY Resistance Tube Exercise Bands for Stretching, Workout, and Toning for Men, and Women - 50 LBS","[""All Exercise & Fitness""]",https://m.media-amazon.com/images/I/71zL20ACshL._AC_UL320_.jpg,3.9,185155,"A 50 lbs resistance tube band designed for stretching, toning, and strengthening exercises. Suitable for both men and women, perfect for home workouts.",2025-02-12 16:04:48.188327,2025-02-12 16:04:48.188327
Chromozome Men's Athletic Track Pants,"[""All Exercise & Fitness""]",https://m.media-amazon.com/images/I/81wP4aErT4L._AC_UL320_.jpg,3.7,178668,"Athletic track pants designed for men, offering comfort, flexibility, and breathability during workouts or outdoor activities.",2025-02-12 16:04:48.188327,2025-02-12 16:04:48.188327
"XTRIM Skipping Rope for Cardio Muscular Activities, Gym & Fitness Enthusiasts, Virgin PVC Rope, Ergonomic Handle, Lightwei...","[""All Exercise & Fitness""]",https://m.media-amazon.com/images/I/61rtQigzN5L._AC_UL320_.jpg,3.4,111019,"A lightweight skipping rope made from virgin PVC with ergonomic handles, perfect for cardio and muscular training. Ideal for gym enthusiasts and fitness enthusiasts.",2025-02-12 16:04:48.188327,2025-02-12 16:04:48.188327
"XTRIM Durafit Unisex Stylish Ankle Straps with Metal D-Rings for Cable Machine, Kickbacks and Glutes Workouts, Adjustable ...","[""All Exercise & Fitness""]",https://m.media-amazon.com/images/I/71prxn3VqNL._AC_UL320_.jpg,4.2,166621,"Durable ankle straps with metal D-rings, perfect for use with cable machines for glutes, kickbacks, and lower body workouts. Adjustable design for a secure fit.",2025-02-12 16:04:48.188327,2025-02-12 16:04:48.188327
"Cockatoo Anti-Burst Gym Ball ( 55 Cm to 95 Cm) with Foot Pump, Exercise Ball","[""All Exercise & Fitness""]",https://m.media-amazon.com/images/I/513+T+wyO3L._AC_UL320_.jpg,4.1,207581,"An anti-burst gym ball, ranging from 55 cm to 95 cm, with a foot pump for easy inflation. Ideal for stability, balance, and core strengthening exercises.",2025-02-12 16:04:48.188327,2025-02-12 16:04:48.188327
"Renewa Shoulder Exercise Equipment Rope with Pulley - Eco,Plastic Blue and Red","[""All Exercise & Fitness""]",https://m.media-amazon.com/images/I/41Pfcb8nDiL._AC_UL320_.jpg,3.9,46335,"A shoulder exercise equipment rope with a pulley system, designed to enhance shoulder mobility and strength. Made from eco-friendly plastic materials.",2025-02-12 16:04:48.188327,2025-02-12 16:04:48.188327
SPARNOD FITNESS SAB-05 Upright Air Bike Exercise Cycle for Home Gym - Dual Action for Full Body Workout - Adjustable Resis...,"[""All Exercise & Fitness""]",https://m.media-amazon.com/images/I/615evsyGKLL._AC_UL320_.jpg,4.3,3336120,"A dual-action upright air bike designed for full-body workouts, featuring adjustable resistance. Perfect for cardio, strengthening, and toning at home or in the gym.",2025-02-12 16:04:48.188327,2025-02-12 16:04:48.188327
Jockey Men's Cotton Track Pants,"[""All Exercise & Fitness""]",https://m.media-amazon.com/images/I/61qoz5T51VL._AC_UL320_.jpg,4.2,185155,"Comfortable cotton track pants for men, designed for casual wear, running, or light workouts. Soft, breathable fabric ensures comfort throughout the day.",2025-02-12 16:04:48.188327,2025-02-12 16:04:48.188327
"Hind Home Women's Ultra-Thin Transparent Nylon Ankle Length Socks (Beige Color, Free Sze) - Set of 10 Pair","[""All Exercise & Fitness""]",https://m.media-amazon.com/images/I/41VZexn3ZpL._AC_UL320_.jpg,3.8,129553,A set of 10 pairs of ultra-thin transparent nylon ankle-length socks for women. Beige color and free size fit for everyday comfort and style.,2025-02-12 16:04:48.188327,2025-02-12 16:04:48.188327
Gymwar Gym Gloves for Weight Lifting Crossfit Fitness Workout Exercise Hand Grips for Women (Free Size),"[""All Exercise & Fitness""]",https://m.media-amazon.com/images/W/IMAGERENDERING_521856-T1/images/I/41uj3alv9rL._AC_UL320_.jpg,3.9,148087,"Durable gym gloves designed for weightlifting and crossfit. Provides grip and wrist support, perfect for workout exercises, suitable for women with a free size fit.",2025-02-12 16:04:48.188327,2025-02-12 16:04:48.188327
"ARNV Yoga and Exercise Mat with Carrying Strap, 8mm","[""All Exercise & Fitness""]",https://m.media-amazon.com/images/W/IMAGERENDERING_521856-T1/images/I/71U9fJpqaFL._AC_UL320_.jpg,3.9,129553,"An 8mm thick yoga and exercise mat, designed for comfort and stability during workouts. Includes a carrying strap for easy portability.",2025-02-12 16:04:48.188327,2025-02-12 16:04:48.188327
Jockey Women's Cotton Boyshorts (Pack of 1) (SS04_Black_M_Black_M),"[""All Exercise & Fitness""]",https://m.media-amazon.com/images/W/IMAGERENDERING_521856-T1/images/I/7152PCh-V8L._AC_UL320_.jpg,4.2,46150,"Comfortable cotton boyshorts for women, designed for everyday wear or light activity. The black color provides versatility and comfort.",2025-02-12 16:04:48.188327,2025-02-12 16:04:48.188327
Star X PRO PVC weight 10kg with Dummbell rod,"[""All Exercise & Fitness""]",https://m.media-amazon.com/images/W/IMAGERENDERING_521856-T1/images/I/51U4BHYfPzL._AC_UL320_.jpg,3.2,370495,"A 10kg PVC-coated weight set with a dumbbell rod, designed for home or gym workouts. The durable construction provides optimal grip and safety for strength training and toning exercises.",2025-02-12 16:04:48.188327,2025-02-12 16:04:48.188327
"FitBox Sports Wall Mounting Chin Up Bar, Pull Up Bar & Ab Straps Combo","[""All Exercise & Fitness""]",https://m.media-amazon.com/images/W/IMAGERENDERING_521856-T1/images/I/51FS0XhYAnL._AC_UL320_.jpg,3.4,722641,"A versatile wall-mountable chin-up and pull-up bar combo, equipped with adjustable ab straps for a full-body workout. Ideal for building upper body strength, core stability, and toning.",2025-02-12 16:04:48.188327,2025-02-12 16:04:48.188327
"obliss Weight Loss Hot Slimming Belt for Men , Women Belly Sweat Slim Belt Neoprene Fat Burning Sauna Waist Trainer Health...","[""All Exercise & Fitness""]",https://m.media-amazon.com/images/W/IMAGERENDERING_521856-T1/images/I/61roYJfIUaL._AC_UL320_.jpg,3.3,222223,"A neoprene belly slimming belt designed for men and women, offering sauna-like effects to boost fat burning and promote sweat. Ideal for weight loss and toning the midsection during workouts.",2025-02-12 16:04:48.188327,2025-02-12 16:04:48.188327
BLUMORA Exercise Bands Resistance Bands Set for Workingout Door Fitness Gym Resistance Bands Kit for Men Women Streching R...,"[""All Exercise & Fitness""]",https://m.media-amazon.com/images/W/IMAGERENDERING_521856-T1/images/I/610kiYkbt8L._AC_UL320_.jpg,3.1,185155,"A complete resistance bands set, perfect for stretching, strength training, and rehabilitation exercises. Includes various resistance levels for men and women to use at home, the gym, or for physical therapy.",2025-02-12 16:04:48.188327,2025-02-12 16:04:48.188327
"Fashnex Skipping Rope for Men, Women & Children - Jump Rope for Exercise Workout & Weight Loss - Tangle Free Jumping Rope ...","[""All Exercise & Fitness""]",https://m.media-amazon.com/images/W/IMAGERENDERING_521856-T1/images/I/71DYbnDt+5L._AC_UL320_.jpg,4.5,129553,"A durable and tangle-free skipping rope designed for men, women, and children. Ideal for cardio, weight loss, and improving endurance, with adjustable length and comfortable handles for all fitness levels.",2025-02-12 16:04:48.188327,2025-02-12 16:04:48.188327
AmazonBasics Puzzle Exercise Mat with EVA Foam Interlocking Tiles,"[""All Exercise & Fitness""]",https://m.media-amazon.com/images/W/IMAGERENDERING_521856-T1/images/I/91T3ImnBwUL._AC_UL320_.jpg,4.2,1019370,"A set of EVA foam interlocking tiles that form a customizable puzzle exercise mat, providing cushioning and support for home gyms or fitness areas. Ideal for protecting floors during workouts.",2025-02-12 16:04:48.188327,2025-02-12 16:04:48.188327
"Proberos® Cotton Yoga Socks Sport Fitness Half Toe Ankle Grip Gym No-Slip Socks for Pilates, Barre, Ballet, Barefoot Workout","[""All Exercise & Fitness""]",https://m.media-amazon.com/images/W/IMAGERENDERING_521856-T1/images/I/61e5BpnZ5OL._AC_UL320_.jpg,4.1,163655,"Cotton yoga socks with half-toe design and ankle grip, providing a non-slip surface for Pilates, barre, ballet, and barefoot workouts. Perfect for improving stability and preventing slippage.",2025-02-12 16:04:48.188327,2025-02-12 16:04:48.188327
"USI UNIVERSAL THE UNBEATABLE Power Lifting Belt, 790PL_S Light Lifting Belt for Men & Women Weightlifting Competition Work...","[""All Exercise & Fitness""]",https://m.media-amazon.com/images/W/IMAGERENDERING_521856-T1/images/I/61C+i6EoJhL._AC_UL320_.jpg,4.4,333427,"A lightweight powerlifting belt designed for men and women, providing lumbar support and stability during heavy lifts. Ideal for weightlifting competitions or heavy-duty workouts.",2025-02-12 16:04:48.188327,2025-02-12 16:04:48.188327
Puma polyester 23 Cms Gym Bag(7572229_Pink_X_Red),"[""All Exercise & Fitness""]",https://m.media-amazon.com/images/W/IMAGERENDERING_521856-T1/images/I/81MHjhYl1YL._AC_UL320_.jpg,4.1,277825,"A stylish and durable polyester gym bag from Puma, with a 23 cm depth, featuring a sleek pink and red design. Perfect for carrying gym essentials, sportswear, or personal items.",2025-02-12 16:04:48.188327,2025-02-12 16:04:48.188327
"Lifelong LLM234 Crazyfit Vibration Plate Massager Machine for Full Body, Weight Loss,Muscle Toning, Pain Relief, Flexibili...","[""All Exercise & Fitness""]",https://m.media-amazon.com/images/W/IMAGERENDERING_521856-T1/images/I/71V74twbzmL._AC_UL320_.jpg,4.3,2594760,"A full-body vibration plate massager designed to aid weight loss, muscle toning, and pain relief. Offers multiple vibration settings for enhanced flexibility and recovery.",2025-02-12 16:04:48.188327,2025-02-12 16:04:48.188327
"QUADA Compression Swimming t Shirt Full Sleevs for Men (Black, Large)","[""All Exercise & Fitness""]",https://m.media-amazon.com/images/W/IMAGERENDERING_521856-T1/images/I/51fbEVpi+ZL._AC_UL320_.jpg,4.1,185155,"A compression swimming t-shirt designed for men, providing muscle support and reducing fatigue during swimming and water sports. The full sleeves design enhances performance and comfort.",2025-02-12 16:04:48.188327,2025-02-12 16:04:48.188327
"Just rider Bamboo Football Cotton Socks/Stockings for Men Women Knee High Length Superior Grip for Shin Guard, Anti Slip B...","[""All Exercise & Fitness""]",https://m.media-amazon.com/images/W/IMAGERENDERING_521856-T1/images/I/61Z-Mw7ii2L._AC_UL320_.jpg,4.0,129553,"Knee-high bamboo cotton football socks designed for men and women. Provides superior grip for shin guards and anti-slip properties, ensuring a secure fit during sports or athletic activities.",2025-02-12 16:04:48.188327,2025-02-12 16:04:48.188327
Vector X Skipping Rope (Black),"[""All Exercise & Fitness""]",https://m.media-amazon.com/images/W/IMAGERENDERING_521856-T1/images/I/51mTUuH-NGL._AC_UL320_.jpg,4.0,29654,"A high-quality skipping rope designed for fitness enthusiasts, featuring durable materials and adjustable length. Perfect for cardio workouts, weight loss, and improving coordination.",2025-02-12 16:04:48.188327,2025-02-12 16:04:48.188327
"Exercise Nylon and Rubber Wrist Wrap Bands, Deadlift Straps Wrist Support for Gym by STEIGEN FITNESS-SF","[""All Exercise & Fitness""]",https://m.media-amazon.com/images/W/IMAGERENDERING_521856-T1/images/I/81+E0T5zVAL._AC_UL320_.jpg,4.3,111019,A set of nylon and rubber wrist wraps designed to offer support during heavy lifting or deadlifts. Ideal for improving grip strength and preventing wrist injuries during strength training.,2025-02-12 16:04:48.188327,2025-02-12 16:04:48.188327
"Fitbox Sports Vinyl Coated PVC Intruder 20 Kg Weight Plates, 10Kg X 2(Black)","[""All Exercise & Fitness""]",https://m.media-amazon.com/images/W/IMAGERENDERING_521856-T1/images/I/71dyei1ouDL._AC_UL320_.jpg,3.8,449450,"A pair of 10 kg vinyl-coated PVC weight plates, designed for use with dumbbell rods or barbells. Ideal for strength training, these durable plates provide a versatile addition to any home gym.",2025-02-12 16:04:48.188327,2025-02-12 16:04:48.188327
Reach Digital Pedal Exercise Machine | Mini Fitness Cycle For Home With Fixing Strap | Adjustable Resistance Band & LCD Di...,"[""All Exercise & Fitness""]",https://m.media-amazon.com/images/W/IMAGERENDERING_521856-T1/images/I/712GMLoAJ4L._AC_UL320_.jpg,4.2,741360,"A compact digital pedal exercise machine, perfect for home use. Features adjustable resistance bands and an LCD display for tracking workout progress. Ideal for cardiovascular fitness and lower body toning.",2025-02-12 16:04:48.188327,2025-02-12 16:04:48.188327
Slovic Hand Grip With Counter | Hand Gripper Upto 60 Kg | Hand Grip Strengthener | Adjustable Resistance | Hand Grip Worko...,"[""All Exercise & Fitness""]",https://m.media-amazon.com/images/W/IMAGERENDERING_521856-T1/images/I/81ZvQvsxhQL._AC_UL320_.jpg,4.3,129553,"An adjustable hand grip strengthener with a counter, providing resistance up to 60 kg. Ideal for improving grip strength and forearm muscles during workouts or rehabilitation.",2025-02-12 16:04:48.188327,2025-02-12 16:04:48.188327
"PowerMax Fitness TD-M1-A1 Series - Light, Foldable, Electric Treadmill【100% Pre-Installed】 Running Machine for Max Pro-Wor...","[""All Exercise & Fitness""]",https://m.media-amazon.com/images/W/IMAGERENDERING_521856-T1/images/I/7190xlXlArL._AC_UL320_.jpg,4.4,11580043,"A lightweight, foldable electric treadmill designed for home use. Pre-installed and ready to use, perfect for running, walking, or jogging, with various speed settings and incline options for an effective workout.",2025-02-12 16:04:48.188327,2025-02-12 16:04:48.188327
"SG Century Model Cotton and Spandex Cricket Sleeve (Black, Large)","[""All Exercise & Fitness""]",https://m.media-amazon.com/images/W/IMAGERENDERING_521856-T1/images/I/915+UH1vOoL._AC_UL320_.jpg,4.0,42443,"A cotton and spandex cricket sleeve designed for protection and comfort during cricket matches. The large size provides a snug fit, ideal for both training and competitive play.",2025-02-12 16:04:48.188327,2025-02-12 16:04:48.188327
Pummelo 2 in 1 Foam Roller for deep tissue massage for muscle fitness exercise therapy yoga with bag medium with multi tri...,"[""All Exercise & Fitness""]",https://m.media-amazon.com/images/W/IMAGERENDERING_521856-T1/images/I/71qKMEs+sZL._AC_UL320_.jpg,4.4,370495,"A 2-in-1 foam roller designed for deep tissue massage and muscle fitness. Ideal for muscle recovery, stretching, and yoga therapy, it comes with a bag for easy portability.",2025-02-12 16:04:48.188327,2025-02-12 16:04:48.188327
"POWRSOX 4 Pairs Sports Socks for Men Moisture-Wicking, Compression, and Cushioning for Superior Performance and Comfort, P...","[""All Exercise & Fitness""]",https://m.media-amazon.com/images/W/IMAGERENDERING_521856-T1/images/I/91fbkPfZjsL._AC_UL320_.jpg,5.0,222223,"A pack of four pairs of moisture-wicking sports socks designed for men, offering compression support and cushioning for improved performance and comfort during workouts or sports activities.",2025-02-12 16:04:48.188327,2025-02-12 16:04:48.188327
"Fitcozi Exercise & Fitness Advance Wobble Balance Board For Balance & Stability Training for Whole Family - Kids, Teens & ...","[""All Exercise & Fitness""]",https://m.media-amazon.com/images/I/71CtUWz8XoL._AC_UL320_.jpg,3.8,370495,"An advanced wobble balance board designed to improve balance, stability, and core strength. Suitable for all ages, from kids to adults, and ideal for home or gym workouts.",2025-02-12 16:04:48.188327,2025-02-12 16:04:48.188327
Longies Women's Cotton Non Padded Wire Free Sports Bra,"[""All Exercise & Fitness""]",https://m.media-amazon.com/images/I/715ghJ5-AiS._AC_UL320_.jpg,3.9,222223,"A comfortable, non-padded, wire-free sports bra made from soft cotton. Designed for women, offering light support and comfort during low-impact activities or everyday wear.",2025-02-12 16:04:48.188327,2025-02-12 16:04:48.188327
"ZIVIK Sit-ups Assistant Device, Upgraded Sit-up Fitness Equipment Muscle Exercise Abdominal Device Portable Sit Up Bar wit...","[""All Exercise & Fitness""]",https://m.media-amazon.com/images/I/51kc0YeAA6S._AC_UL320_.jpg,4.4,296359,"An upgraded sit-up assistant device designed to support abdominal workouts. Portable and easy to use, it helps improve sit-up form and enhances muscle activation for more effective core training.",2025-02-12 16:04:48.188327,2025-02-12 16:04:48.188327
Jockey Women's Tailored Fit Thermal Top,"[""All Exercise & Fitness""]",https://m.media-amazon.com/images/I/81zj09l9HAL._AC_UL320_.jpg,4.2,96191,"A thermal top for women, designed for warmth and comfort during colder weather or outdoor activities. The tailored fit provides a flattering look while offering full flexibility.",2025-02-12 16:04:48.188327,2025-02-12 16:04:48.188327
"CONSONANTIAM Resistance Loop Exercise Bands for Home Fitness & Yoga || Men & Women Exercise Fitness Band (Multicolor, Set ...","[""All Exercise & Fitness""]",https://m.media-amazon.com/images/I/51+1VvB-y9L._AC_UL320_.jpg,3.3,185155,"A set of multicolor resistance loop exercise bands designed for home fitness and yoga. Perfect for strengthening, toning, and improving flexibility, suitable for both men and women.",2025-02-12 16:04:48.188327,2025-02-12 16:04:48.188327
Bodyband Gym Ball for Exercise Anti Burst Exercise Ball with Foot Pump for Workout Yoga Ball for Women and Men Swiss Ball ...,"[""All Exercise & Fitness""]",https://m.media-amazon.com/images/I/51YKkY8tS7L._AC_UL320_.jpg,4.8,259291,"A durable anti-burst gym ball for exercises such as yoga, pilates, and core workouts. Comes with a foot pump for easy inflation, providing a stable surface for both men and women.",2025-02-12 16:04:48.188327,2025-02-12 16:04:48.188327
RACHEYTA Ultra-Thin Transparent Nylon Summer Ankle Length Stocking Socks for Women/Girl's,"[""All Exercise & Fitness""]",https://m.media-amazon.com/images/I/51YbjWHW3fL._AC_UL320_.jpg,3.6,73951,"Ultra-thin transparent nylon ankle-length stockings for women and girls, perfect for summer wear. Offers comfort and style with a lightweight and breathable design.",2025-02-12 16:04:48.188327,2025-02-12 16:04:48.188327
"Bodylastics Yoga Wheel for Women and Men Fitness 13” Strong, Sweat Resistant & Eco-Friendly","[""All Exercise & Fitness""]",https://m.media-amazon.com/images/I/712WUjc0A+L._AC_UL320_.jpg,4.3,555835,"A 13-inch yoga wheel designed for both women and men, offering support for deep stretches and enhancing yoga poses. Made from eco-friendly and sweat-resistant materials for durability.",2025-02-12 16:04:48.188327,2025-02-12 16:04:48.188327
Aegon Sit Up Assistant Device Bar | Abs Master | Crunches Equipment | Gym Instrument for Home Workout | Abdominal Push Up...,"[""All Exercise & Fitness""]",https://m.media-amazon.com/images/I/41p97GmwKNL._AC_UL320_.jpg,4.1,277825,"A sit-up assistant bar designed to aid in abdominal exercises and crunches. Ideal for enhancing sit-up form, this gym instrument provides support and improves muscle engagement for more effective results.",2025-02-12 16:04:48.188327,2025-02-12 16:04:48.188327
Jockey AW87 Women's Super Combed Cotton Elastane Stretch Slim Fit Leggings with Ultrasoft Waistband,"[""All Exercise & Fitness""]",https://m.media-amazon.com/images/I/31ROcDGsyWL._AC_UL320_.jpg,4.3,105458,"Slim-fit leggings for women made from super combed cotton elastane, offering comfort and flexibility for workouts or casual wear. The ultrasoft waistband provides a smooth, secure fit.",2025-02-12 16:04:48.188327,2025-02-12 16:04:48.188327
Shopoflux® Treadmill Safety Key | Universal Treadmill Magnet Security Lock | Fitness Replacement Kit for All Treadmill- Red,"[""All Exercise & Fitness""]",https://m.media-amazon.com/images/I/814JhP78rdL._AC_UL320_.jpg,4.3,129738,"A universal treadmill safety key and magnet security lock, designed to ensure safe operation of any treadmill. Ideal for replacing old or lost keys for fitness machines.",2025-02-12 16:04:48.188327,2025-02-12 16:04:48.188327
"Boldfit Ab Roller For Men & Women. Abs Exercise Equipment For Tummy. Usable In Gym Workout, Home Workout, Abdominal Exerci...","[""All Exercise & Fitness""]",https://m.media-amazon.com/images/I/91OkZoVbxJL._AC_UL320_.jpg,4.3,148087,"An ab roller designed for both men and women, providing an effective workout tool for toning and strengthening the abdominal muscles. Ideal for gym or home use, offering a complete core workout.",2025-02-12 16:04:48.188327,2025-02-12 16:04:48.188327
APRODO Sports DIP Belt with Steel Chain 36 INCHES Weighted Chain for DIPS Pull UPS Weight Lifting Crossfit ONE Size FITS All,"[""All Exercise & Fitness""]",https://m.media-amazon.com/images/I/51qDNJSAQ9L._AC_UL320_.jpg,4.5,139005,"A 36-inch dip belt with a steel chain, perfect for adding extra weight during dips, pull-ups, or weightlifting exercises. One size fits all, ideal for crossfit and strength training.",2025-02-12 16:04:48.188327,2025-02-12 16:04:48.188327
Peppyzone Men's Camouflage Regular Fit Track Pant,"[""All Exercise & Fitness""]",https://m.media-amazon.com/images/I/610BjJqZ67L._AC_UL320_.jpg,3.6,240757,"A pair of camouflage regular-fit track pants for men, offering comfort and style for outdoor workouts, running, or casual wear.",2025-02-12 16:04:48.188327,2025-02-12 16:04:48.188327
"DAZIBAO® Double Toning Resistance Tube Pull Rope Elastic Rubber Exercise Band for Stretching, Workout, Home Gym and Toning...","[""All Exercise & Fitness""]",https://m.media-amazon.com/images/I/614aNZj4QUL._AC_UL320_.jpg,3.8,203689,"A double-toning resistance tube for stretching, toning, and full-body workouts. Made of elastic rubber, it’s perfect for use at home or in the gym to enhance flexibility and strength.",2025-02-12 16:04:48.188327,2025-02-12 16:04:48.188327
"Sector z Unisex Faux Leather Triangle Gym Bag (Tan, 25 L)","[""All Exercise & Fitness""]",https://m.media-amazon.com/images/I/71ZkacavrAL._AC_UL320_.jpg,3.4,92485,"A 25L faux leather gym bag with a triangle design, offering both style and functionality. Perfect for storing gym gear or personal items, suitable for both men and women.",2025-02-12 16:04:48.188327,2025-02-12 16:04:48.188327
"Spotzero By Milton Tejas Yoga Mat, Pink (CCPDGEN048ASSR0020)","[""All Exercise & Fitness""]",https://m.media-amazon.com/images/I/819VYrYGSfL._AC_UL320_.jpg,4.8,333427,"A durable pink yoga mat designed by Spotzero, ideal for yoga, Pilates, and general floor exercises. Provides comfort and stability with a non-slip surface.",2025-02-12 16:04:48.188327,2025-02-12 16:04:48.188327
"VIFITKIT Foam Roller for Deep Tissue Muscle Massage, Trigger Point Therapy, Exercise, and Workout (Blue, 12*4 inches)","[""All Exercise & Fitness""]",https://m.media-amazon.com/images/I/51AgM1b6vtL._AC_UL320_.jpg,4.0,296359,"A foam roller designed for deep tissue muscle massage, trigger point therapy, and exercise. Ideal for muscle recovery, stretching, and improving flexibility, available in a 12x4 inch size.",2025-02-12 16:04:48.188327,2025-02-12 16:04:48.188327
"EasyHealth Professional Grade 22"" Wrist Band for Men Gym, Wrist Supporter for Gym Wrist wrap/Straps, Gym Accessories for M...","[""All Exercise & Fitness""]",https://m.media-amazon.com/images/I/71YhNkBP+7L._AC_UL320_.jpg,4.3,92485,Detailed description not available.,2025-02-12 16:04:48.188327,2025-02-12 16:04:48.188327
"Protoner Spare Weight Lifting Plates for Home Gym, 2.5 kg x 4","[""All Exercise & Fitness""]",https://m.media-amazon.com/images/I/61Y0yRHfmRL._AC_UL320_.jpg,3.4,333427,"A set of four 2.5 kg spare weightlifting plates, perfect for customizing weight sets at home. Ideal for use with barbells, dumbbells, or other gym equipment.",2025-02-12 16:04:48.188327,2025-02-12 16:04:48.188327
Dr Trust TPE Premium Luxfoam Yoga Mat for Gym Workout and Flooring Exercise Yoga Mat for Men and Women Fitness - 317,"[""All Exercise & Fitness""]",https://m.media-amazon.com/images/I/81wvPXmY45L._AC_UL320_.jpg,4.4,741360,"A high-quality TPE yoga mat with Luxfoam technology, providing superior comfort and stability for yoga, gym workouts, or floor exercises. Ideal for both men and women.",2025-02-12 16:04:48.188327,2025-02-12 16:04:48.188327
GOCART WITH G LOGO 65-70 KG Strengthener Strength Trainer Adjustable 150lbs Metal Hand Grip/Fitness Grip-1pcs,"[""All Exercise & Fitness""]",https://m.media-amazon.com/images/I/41oTg0XNbFL._AC_UL320_.jpg,4.5,203689,"An adjustable hand grip strengthener with a resistance capacity of up to 150 lbs, perfect for improving grip strength and forearm muscles during strength training.",2025-02-12 16:04:48.188327,2025-02-12 16:04:48.188327
"GOCART WITH G LOGO Skipping Rope for Men Gym, Women, Weight Loss, Kids, Girls, Children, Adult Best in Sports, Fitness, Ex...","[""All Exercise & Fitness""]",https://m.media-amazon.com/images/I/71TrjSKEHhS._AC_UL320_.jpg,4.0,148087,"A high-quality skipping rope designed for all ages, from kids to adults. Perfect for weight loss, cardio workouts, and improving endurance, with adjustable length and durable materials.",2025-02-12 16:04:48.188327,2025-02-12 16:04:48.188327
Kobo WTA-04 Power Cotton Gym Support with Thumb Support Grip Gloves (Black),"[""All Exercise & Fitness""]",https://m.media-amazon.com/images/I/8168YBqLFsL._AC_UL320_.jpg,4.4,70429,"Cotton gym gloves designed with thumb support, offering a secure grip and added protection during weightlifting and other strength training exercises.",2025-02-12 16:04:48.188327,2025-02-12 16:04:48.188327
"PowerMax Fitness Multi-Purpose PMS-50 (50ml Silicone Oil Bottle) 100% Pure Silicone Treadmill Lubricant, Full Belt Width L...","[""All Exercise & Fitness""]",https://m.media-amazon.com/images/I/61m2UmNPs5L._AC_UL320_.jpg,4.3,53749,"A 50ml bottle of pure silicone treadmill lubricant, designed for maintaining treadmill performance. Provides smooth operation and reduces wear on the belt.",2025-02-12 16:04:48.188327,2025-02-12 16:04:48.188327
"SFANE Polyester 9.84 inches Grey Duffel Gym Bag, Shoulder Sports Bag for Men & Women with Shoe Compartment (Grey & Orange))","[""All Exercise & Fitness""]",https://m.media-amazon.com/images/I/91rKN59U1kL._AC_UL320_.jpg,4.4,258549,"A polyester 9.84-inch gym duffel bag with a shoe compartment, designed for both men and women. The grey and orange design offers both style and functionality for gym use or travel.",2025-02-12 16:04:48.188327,2025-02-12 16:04:48.188327
"Serveuttam Mini Pilates Ball - Small Exercise Ball for Yoga, Pilates, Barre, Physical Therapy, Stretching and Core Fitness...","[""All Exercise & Fitness""]",https://m.media-amazon.com/images/I/615NzMxM7PL._AC_UL320_.jpg,3.8,120471,"A mini Pilates ball designed for yoga, Pilates, barre, and physical therapy. Ideal for core fitness, stability training, and stretching exercises.",2025-02-12 16:04:48.188327,2025-02-12 16:04:48.188327
"MorningVale Burney Double Toning Resistance Tube Heavy Quality Rubber Exercise Band for Stretching, Full Body Workout, Hom...","[""All Exercise & Fitness""]",https://m.media-amazon.com/images/I/5141EFrFECL._AC_UL320_.jpg,3.6,92485,"A double toning resistance tube made from high-quality rubber, designed for stretching, full-body workouts, and strength training at home or the gym.",2025-02-12 16:04:48.188327,2025-02-12 16:04:48.188327
"Nivia Leather Weightlifting Gym Gloves for Men, Training Gloves, Workout Gloves, Hand Glove Gym Workout, Leather Gloves Me...","[""All Exercise & Fitness""]",https://m.media-amazon.com/images/I/61QjL1jS9VL._AC_UL320_.jpg,3.9,95450,"Leather weightlifting gloves designed for men, providing grip and hand protection during training and workouts. Ideal for strength training, crossfit, and bodybuilding.",2025-02-12 16:04:48.188327,2025-02-12 16:04:48.188327
"Mini Yoga Pilates Ball, AB SALES Exercise Ball, 9 Inch Bender with Inflatable Straw for Barre, Physical Therapy, Stabilit...","[""All Exercise & Fitness""]",https://m.media-amazon.com/images/I/61UEPi38b+L._AC_UL320_.jpg,4.0,46520,"A 9-inch mini exercise ball designed for barre, Pilates, and physical therapy. Features an inflatable straw for easy inflation and stability during workouts.",2025-02-12 16:04:48.188327,2025-02-12 16:04:48.188327
