name,categories,images,rating,price,created_at,updated_at
Kore Regular Gym Bag,"[""All Exercise & Fitness""]",https://m.media-amazon.com/images/I/715B2hG++tL._AC_UL320_.jpg,2.9,10935,2025-02-12 14:32:28.757887,2025-02-12 14:32:28.757887
"Boldfit Resistance Tube with Foam Handles, Door Anchor for Exercise & Stretching, Suitable in Home & Gym Workout for Men &...","[""All Exercise & Fitness""]",https://m.media-amazon.com/images/I/71l0xZ29TfS._AC_UL320_.jpg,4.0,129553,2025-02-12 14:32:28.757887,2025-02-12 14:32:28.757887
"Strauss Exercise Latex Resistance Bands, (Set of 5)","[""All Exercise & Fitness""]",https://m.media-amazon.com/images/I/71yLuDGjJUL._AC_UL320_.jpg,4.1,194422,2025-02-12 14:32:28.757887,2025-02-12 14:32:28.757887
AUXTER Faux Leather 23 Cms Duffle Bag(AUX_GB_LE_Black -SE_0521_Black),"[""All Exercise & Fitness""]",https://m.media-amazon.com/images/I/71xeudlt5EL._AC_UL320_.jpg,4.3,185155,2025-02-12 14:32:28.757887,2025-02-12 14:32:28.757887
Kore PVC 10-40 Kg Home Gym Set with One 3 Ft Curl and One Pair Dumbbell Rods with Gym Accessories,"[""All Exercise & Fitness""]",https://m.media-amazon.com/images/I/81XNzjmXi+L._AC_UL320_.jpg,3.6,758041,2025-02-12 14:32:28.757887,2025-02-12 14:32:28.757887
MAXWELL®FIT-Yoga Mat for Women and Men Fitness (SIZE-4mm) with Carrying Strap Extra Thick & Large Excercise Mat for Workou...,"[""All Exercise & Fitness""]",https://m.media-amazon.com/images/I/61xWyTStjTL._AC_UL320_.jpg,4.0,314893,2025-02-12 14:32:28.757887,2025-02-12 14:32:28.757887
"OJS Skipping Rope for Men and Women Jumping Rope With Adjustable Height Speed Skipping Rope for Exercise, Gym, Sports Fitn...","[""All Exercise & Fitness""]",https://m.media-amazon.com/images/I/71V7BaHBcqL._AC_UL320_.jpg,3.9,185155,2025-02-12 14:32:28.757887,2025-02-12 14:32:28.757887
"Kore PVC DM-5kg-Combo 161 Fixed Dumbbells Set and Fitness Kit for Men and Women Whole Body Workout, Multicolor","[""All Exercise & Fitness""]",https://m.media-amazon.com/images/I/713zoEM3wlL._AC_UL320_.jpg,3.8,92485,2025-02-12 14:32:28.757887,2025-02-12 14:32:28.757887
NIVIA Beast Gym Bag-4 Polyester/Unisex Gym Bags/Shoulder Bag for Men & Women with Separate Shoes Compartment/Carry Gym Acc...,"[""All Exercise & Fitness""]",https://m.media-amazon.com/images/I/51i9ODagRZL._AC_UL320_.jpg,4.2,148087,2025-02-12 14:32:28.757887,2025-02-12 14:32:28.757887
"Starx Plastic Xpvc Fixed Dumbbell Set, Adult 1Kg, Set of 2 (Blue)","[""All Exercise & Fitness""]",https://m.media-amazon.com/images/I/51k8rbleUML._AC_UL320_.jpg,3.4,109351,2025-02-12 14:32:28.757887,2025-02-12 14:32:28.757887
"PURSUE FASHION Premium Cotton Ankle Socks for Men and Women - Free Size, Solid Unisex Ankle Length Socks, Pack of 5 (Multi...","[""All Exercise & Fitness""]",https://m.media-amazon.com/images/I/71gqkgPxczL._AC_UL320_.jpg,3.9,129553,2025-02-12 14:32:28.757887,2025-02-12 14:32:28.757887
"SPIRO Black Color (Upto 40 Kg. Adjustable), Hand Gripper, Hand Grip Strenthener, Wooden Hand Gripper, Hand Grip Exerciser,...","[""All Exercise & Fitness""]",https://m.media-amazon.com/images/I/61qILzqY7qL._AC_UL320_.jpg,4.2,62089,2025-02-12 14:32:28.757887,2025-02-12 14:32:28.757887
SPOKOFIT Finger Gripper Strength Trainer Forearm Exerciser Hand Yoga Resistance Band Exerciser Climbing,"[""All Exercise & Fitness""]",https://m.media-amazon.com/images/I/61QE6BcCq3L._AC_UL320_.jpg,3.5,129553,2025-02-12 14:32:28.757887,2025-02-12 14:32:28.757887
"SFANE Polyester 23 cms Navy Blue Gym Bag, Shoulder Bag, Sports Bag for Men & Women with Separate Shoes Compartment (Blue)","[""All Exercise & Fitness""]",https://m.media-amazon.com/images/I/91Ov-x9d3qL._AC_UL320_.jpg,4.3,258549,2025-02-12 14:32:28.757887,2025-02-12 14:32:28.757887
"Cockatoo YM100 Yoga Mat For Women & Men, Anti Slip, EVA Material, (4mm-6mm) Exercise Mat For Home Gym |Yoga Mat For Gym Wo...","[""All Exercise & Fitness""]",https://m.media-amazon.com/images/I/71Y5C+puYhL._AC_UL320_.jpg,3.6,111019,2025-02-12 14:32:28.757887,2025-02-12 14:32:28.757887
"Slovic Pull-Up Bar for Home Workout | Non-Slip Carbon Steel Gym Bar (Load Capacity: 100 Kg) | Adjustable in Length, Mounta...","[""All Exercise & Fitness""]",https://m.media-amazon.com/images/I/61tUNRjrfLL._AC_UL320_.jpg,3.8,277825,2025-02-12 14:32:28.757887,2025-02-12 14:32:28.757887
"IRONFIX® Adjustable Hand Grip Exerciser, Hand Grip Strengthener, Wrist Exerciser, Forearm Exerciser, hand gripper (10 to 4...","[""All Exercise & Fitness""]",https://m.media-amazon.com/images/I/316UVorsJGL._AC_UL320_.jpg,4.5,55417,2025-02-12 14:32:28.757887,2025-02-12 14:32:28.757887
FitBox Sports 8kg Exlusive Octa PVC Dumbbells (4kg x 2) Black,"[""All Exercise & Fitness""]",https://m.media-amazon.com/images/I/51WynL9B8DL._AC_UL320_.jpg,3.6,46150,2025-02-12 14:32:28.757887,2025-02-12 14:32:28.757887
Boldfit Yoga Belt for Women and Men - Yoga Strap for Stretching with Extra Safe Adjustable D-Ring Buckle - Durable and Com...,"[""All Exercise & Fitness""]",https://m.media-amazon.com/images/I/71huWu51SyL._AC_UL320_.jpg,4.3,92485,2025-02-12 14:32:28.757887,2025-02-12 14:32:28.757887
"Fashnex Resistance Bands Set for Exercise, Stretching and Workout Toning Tube Kit with Foam Handles, Door Anchor, Ankle St...","[""All Exercise & Fitness""]",https://m.media-amazon.com/images/I/71MobOdXOzL._AC_UL320_.jpg,4.4,277825,2025-02-12 14:32:28.757887,2025-02-12 14:32:28.757887
"SLOVIC Resistance Tube Band with Sturdy Handles, Door Anchor for Men and Women with Extensive Guide Containing 30 Plus Exe...","[""All Exercise & Fitness""]",https://m.media-amazon.com/images/I/81K6ZfEHT1L._AC_UL320_.jpg,4.3,741175,2025-02-12 14:32:28.757887,2025-02-12 14:32:28.757887
"Boldfit Fabric Resistance Band - Loop Hip Band for Women & Men for Hip, Legs, Stretching, Toning Workout","[""All Exercise & Fitness""]",https://m.media-amazon.com/images/I/61Ece6QydKL._AC_UL320_.jpg,4.3,111019,2025-02-12 14:32:28.757887,2025-02-12 14:32:28.757887
"PRO365 Abs 15 in 1 Performance Push Up Board 6 Months Warranty, Professional Push Up Strength Training Equipment","[""All Exercise & Fitness""]",https://m.media-amazon.com/images/I/61lqdI6jiOL._AC_UL320_.jpg,3.7,185155,2025-02-12 14:32:28.757887,2025-02-12 14:32:28.757887
"Boldfit Gym Gloves for Men with Wrist Support Accessories, Gym Gloves for Women for Weightlifting, Gloves for Gym Workout ...","[""All Exercise & Fitness""]",https://m.media-amazon.com/images/I/91tWizOWWVL._AC_UL320_.jpg,4.6,148087,2025-02-12 14:32:28.757887,2025-02-12 14:32:28.757887
"Sfane Polyester 9.05 Black Men & Women Trendy Black Sports Duffle Gym Bag, Shoulder Bag","[""All Exercise & Fitness""]",https://m.media-amazon.com/images/I/81sIImm1GPL._AC_UL320_.jpg,4.2,166621,2025-02-12 14:32:28.757887,2025-02-12 14:32:28.757887
"ODDISH WAY TO FITNESS Push Up Board System, 15 in 1 Body Building Exercise Tools Workout Push Up Stands, Push Up Workout B...","[""All Exercise & Fitness""]",https://m.media-amazon.com/images/I/71ltN3LQZSL._AC_UL320_.jpg,4.7,240757,2025-02-12 14:32:28.757887,2025-02-12 14:32:28.757887
SOLARA Unbreakable Resistance Band for Exercise (11pc)| 100% Natural Latex Fitness Resistance Tube | Resistance Bands for ...,"[""All Exercise & Fitness""]",https://m.media-amazon.com/images/I/814KYW5Zn1L._AC_UL320_.jpg,4.4,463165,2025-02-12 14:32:28.757887,2025-02-12 14:32:28.757887
"DOVEAZ® Sports Water Bottle for Gym, Protein Shaker Bottle, Gallon Water Bottle (1.5 LTR) with Mixer Ball and Strainer (BP...","[""All Exercise & Fitness""]",https://m.media-amazon.com/images/I/61t+KbxoCWL._AC_UL320_.jpg,4.4,111019,2025-02-12 14:32:28.757887,2025-02-12 14:32:28.757887
Aurion Weight Band 0.5 KG X 2 (Black)| Resistance Exercise | Resistance Bands | Wrist Ankle | Fitness Band | Unisex Workou...,"[""All Exercise & Fitness""]",https://m.media-amazon.com/images/I/81UKawz-hYL._AC_UL320_.jpg,4.1,36883,2025-02-12 14:32:28.757887,2025-02-12 14:32:28.757887
SPOKOFIT Finger Expander Finger Extension Exerciser Climbing Finger Hand Paralysis Rehabilitation Training and Home Exerci...,"[""All Exercise & Fitness""]",https://m.media-amazon.com/images/I/514FiEY9OPL._AC_UL320_.jpg,3.3,166621,2025-02-12 14:32:28.757887,2025-02-12 14:32:28.757887
ENDEAVOUR WEAR Men's Regular Fit Trackpants,"[""All Exercise & Fitness""]",https://m.media-amazon.com/images/I/61R11o1DC+S._AC_UL320_.jpg,4.0,185155,2025-02-12 14:32:28.757887,2025-02-12 14:32:28.757887
"Boldfit Foam Roller for Back Pain, Deep Tissue Massage and Body Pain High Density Foam Roller for Exercise in Gym, Home Ba...","[""All Exercise & Fitness""]",https://m.media-amazon.com/images/I/61fVjSC3ekL._AC_UL320_.jpg,4.3,240757,2025-02-12 14:32:28.757887,2025-02-12 14:32:28.757887
Boldfit Resistance Bands Mini Loop Hip Band/Toning Exercise Band for Gym Booty Belt/Latex Band/Thera Band/Theraband for Fi...,"[""All Exercise & Fitness""]",https://m.media-amazon.com/images/I/71jz4644-oL._AC_UL320_.jpg,4.2,185155,2025-02-12 14:32:28.757887,2025-02-12 14:32:28.757887
"AmazonBasics Polyvinyl Chloride, Polypropylene Standard Jump Rope, Grey","[""All Exercise & Fitness""]",https://m.media-amazon.com/images/I/81wdb6hG6iL._AC_UL320_.jpg,4.3,111204,2025-02-12 14:32:28.757887,2025-02-12 14:32:28.757887
Boldfit Forearm Strengthener Wrist Exercise Equipment Arm Strengthener Grip Strengthener Fitness Equipment Home Gym Equipm...,"[""All Exercise & Fitness""]",https://m.media-amazon.com/images/I/61Xb+79FRXL._AC_UL320_.jpg,4.9,129553,2025-02-12 14:32:28.757887,2025-02-12 14:32:28.757887
"Aurion Premium Super Weight Lifting Belt (Medium, Black, Pack of 1) for Men and Women | Body Fitness Gym Back Support Weig...","[""All Exercise & Fitness""]",https://m.media-amazon.com/images/I/81ADWunLvuL._AC_UL320_.jpg,4.2,148087,2025-02-12 14:32:28.757887,2025-02-12 14:32:28.757887
Protoner Home Gym Set with Accessories,"[""All Exercise & Fitness""]",https://m.media-amazon.com/images/I/71l9Sw3XIaS._AC_UL320_.jpg,3.6,555835,2025-02-12 14:32:28.757887,2025-02-12 14:32:28.757887
KORE DM-HEXA-5KG-COMBO16 Dumbbells Kits,"[""All Exercise & Fitness""]",https://m.media-amazon.com/images/I/71hmkD6-0xL._AC_UL320_.jpg,4.4,635716,2025-02-12 14:32:28.757887,2025-02-12 14:32:28.757887
CONSONANTIAM Finger Gripper Strength Trainer Forearm Exerciser Hand Yoga Resistance Band Finger Expander Finger Extension ...,"[""All Exercise & Fitness""]",https://m.media-amazon.com/images/I/514FiEY9OPL._AC_UL320_.jpg,3.0,183487,2025-02-12 14:32:28.757887,2025-02-12 14:32:28.757887
"AmazonBasics 13mm Extra Thick Yoga and Exercise Mat with Carrying Strap, Purple","[""All Exercise & Fitness""]",https://m.media-amazon.com/images/I/71cDx2JQy5L._AC_UL320_.jpg,4.2,296544,2025-02-12 14:32:28.757887,2025-02-12 14:32:28.757887
BLINKIN Gym wear Mesh Leggings Workout Pants with Side Pockets/Stretchable Tights/Highwaist Sports Fitness Yoga Track Pant...,"[""All Exercise & Fitness""]",https://m.media-amazon.com/images/I/61OZ2jbO7pL._AC_UL320_.jpg,4.1,311371,2025-02-12 14:32:28.757887,2025-02-12 14:32:28.757887
ALN® Tummy Twister Abdominal ABS Exerciser Body Toner-Fat Buster Oblique Workout Perfect Waist Trimmer Home Gym Equipment ...,"[""All Exercise & Fitness""]",https://m.media-amazon.com/images/I/51GLzwqs1vL._AC_UL320_.jpg,3.9,240757,2025-02-12 14:32:28.757887,2025-02-12 14:32:28.757887
Spanco PVC (Round Shape) Dumbbells for Home Gym Equipment Fitness Barbell|Gym Exercise|Home Workout | Fitness Kit|Dumbbell...,"[""All Exercise & Fitness""]",https://m.media-amazon.com/images/I/61VcW8otphL._AC_UL320_.jpg,3.5,33732,2025-02-12 14:32:28.757887,2025-02-12 14:32:28.757887
"Kobo WTG-05 Leather Gym Gloves, Medium (Black)","[""All Exercise & Fitness""]",https://m.media-amazon.com/images/I/51BipDnNkrL._AC_UL320_.jpg,4.0,66722,2025-02-12 14:32:28.757887,2025-02-12 14:32:28.757887
"Lifelong PVC Home Gym Set 10Kg Plate 3Feet Curl Rod and Dumbbells Rods with Gym Accessories, Black","[""All Exercise & Fitness""]",https://m.media-amazon.com/images/I/81f76RWGiYL._AC_UL320_.jpg,3.6,592903,2025-02-12 14:32:28.757887,2025-02-12 14:32:28.757887
SignoraWare Charger Stainless Steel Protein Shaker Bottle for Pre-Post Workout | Water Bottle | Leakproof with Knob (750ml...,"[""All Exercise & Fitness""]",https://m.media-amazon.com/images/I/51oBoS87qiL._AC_UL320_.jpg,4.3,120286,2025-02-12 14:32:28.757887,2025-02-12 14:32:28.757887
RUBX Rubber Coated Professional Exercise Hex Fixed Dumbbells (Pack of Two) 5 Kg x 2pc (Total = 10 kg) Black,"[""All Exercise & Fitness""]",https://m.media-amazon.com/images/I/61mUc9vBJqL._AC_UL320_.jpg,4.6,556020,2025-02-12 14:32:28.757887,2025-02-12 14:32:28.757887
"Boldfit Resistance Bands for Workout Dual Color Heavy Resistance Band for Stretching, Pull ups, Home Exercise Resistance B...","[""All Exercise & Fitness""]",https://m.media-amazon.com/images/I/61CCr59fvlL._AC_UL320_.jpg,4.2,111019,2025-02-12 14:32:28.757887,2025-02-12 14:32:28.757887
"Unisex Hexagon Rubber Vinyl Fixed Dumbbell - Pair Set Hand Weights for Strength Training - Weight Loss, Workout Bench, Gym...","[""All Exercise & Fitness""]",https://m.media-amazon.com/images/I/71pcrSXprsL._AC_UL320_.jpg,4.4,1195443,2025-02-12 14:32:28.757887,2025-02-12 14:32:28.757887
Reach AB-110 Air Bike Exercise Cycle with Moving or Stationary Handle | Adjustable Resistance with Cushioned Seat | Fitnes...,"[""All Exercise & Fitness""]",https://m.media-amazon.com/images/I/51hDX7cVycL._AC_UL320_.jpg,4.1,2224080,2025-02-12 14:32:28.757887,2025-02-12 14:32:28.757887
"AGARO FR4921, High Density, For Deep Tissue Muscle Massage with Carrying Bag, Myofascial Trigger Point Release","[""All Exercise & Fitness""]",https://m.media-amazon.com/images/I/71Sp5kiKjmL._AC_UL320_.jpg,4.1,240757,2025-02-12 14:32:28.757887,2025-02-12 14:32:28.757887
LAFILLETTE 150 lbs Metal Hand Gripper Forearm Wrist Heavy Strength Exercise Hand Grip/Fitness Grip (Black),"[""All Exercise & Fitness""]",https://m.media-amazon.com/images/I/41oTg0XNbFL._AC_UL320_.jpg,4.5,222223,2025-02-12 14:32:28.757887,2025-02-12 14:32:28.757887
"Aurion Genuine Leather Pro Weight Lifting Belt, Durable Comfortable & Adjustable With Buckle, Stabilizing Lower Back Suppo...","[""All Exercise & Fitness""]",https://m.media-amazon.com/images/I/813g2hRYuoL._AC_UL320_.jpg,4.4,166621,2025-02-12 14:32:28.757887,2025-02-12 14:32:28.757887
SPIRO PVC (Round/Hex) Dumbbells (1 Kg. X 2 = 2 Kg) Pack of 2 for Home Gym Equipment Fitness Barbell|Gym Exercise|Home Work...,"[""All Exercise & Fitness""]",https://m.media-amazon.com/images/I/61VcW8otphL._AC_UL320_.jpg,3.5,37068,2025-02-12 14:32:28.757887,2025-02-12 14:32:28.757887
"Pull up Bar for Home, Sportneer Adjustable Length Hanging Rod for Height Increase No Screws Anti-skid Grip Hanging Bar for...","[""All Exercise & Fitness""]",https://m.media-amazon.com/images/I/61JDnhgeIuL._AC_UL320_.jpg,4.4,444631,2025-02-12 14:32:28.757887,2025-02-12 14:32:28.757887
Dr Trust AB Wheel (USA) Abdominal Exercise Ab Blaster Fitness Roller Wheel Equipment with Knee Mat for Men & Women (Black),"[""All Exercise & Fitness""]",https://m.media-amazon.com/images/I/81uD8dr+YbL._AC_UL320_.jpg,4.4,278010,2025-02-12 14:32:28.757887,2025-02-12 14:32:28.757887
MAXWELL® Fitness Yoga Mat for Women and Men(SIZE-6mm) with Carrying Strap Extra Thick & Large Excercise Mat for Workout Yo...,"[""All Exercise & Fitness""]",https://m.media-amazon.com/images/I/61L7qCh-xOL._AC_UL320_.jpg,4.6,314893,2025-02-12 14:32:28.757887,2025-02-12 14:32:28.757887
"Nivia 11044 Weight Lifting Wrist Support, Free Size (Black)","[""All Exercise & Fitness""]",https://m.media-amazon.com/images/I/41ClL2Bug8L._AC_UL320_.jpg,4.3,81550,2025-02-12 14:32:28.757887,2025-02-12 14:32:28.757887
Lycan Wrist/Ankle Weights 4 kg (2 kg Each x 2 pc),"[""All Exercise & Fitness""]",https://m.media-amazon.com/images/I/71scShG3UlL._AC_UL320_.jpg,4.0,222223,2025-02-12 14:32:28.757887,2025-02-12 14:32:28.757887
Unbeatable Polyester Spandex Men's Sports Running Set Compression Shirt + Pants Skin-Tight Long Sleeves Quick Dry Fitness ...,"[""All Exercise & Fitness""]",https://m.media-amazon.com/images/I/41ySXF78faL._AC_UL320_.jpg,3.6,185155,2025-02-12 14:32:28.757887,2025-02-12 14:32:28.757887
DIGITAL SHOPEE Skin Ultra Thin Socks for Women & Girls - Multicolor,"[""All Exercise & Fitness""]",https://m.media-amazon.com/images/I/514m+JUaR8L._AC_UL320_.jpg,3.7,240757,2025-02-12 14:32:28.757887,2025-02-12 14:32:28.757887
"OLAHRAGA Adjustable Hand Grip Strengthener Resistance from5-60 kg, Non-Slip Hand Gripper Perfect for Musicians Athletes an...","[""All Exercise & Fitness""]",https://m.media-amazon.com/images/I/51DO2xw67zL._AC_UL320_.jpg,4.3,185155,2025-02-12 14:32:28.757887,2025-02-12 14:32:28.757887
Jockey Women Boy Leg,"[""All Exercise & Fitness""]",https://m.media-amazon.com/images/I/7152PCh-V8L._AC_UL320_.jpg,4.2,45408,2025-02-12 14:32:28.757887,2025-02-12 14:32:28.757887
Zexer Men Men Compression T-Shirt Gym and Sports Wear T-Shirt for Men | Body fit Skinny T-Shirt (Black,"[""All Exercise & Fitness""]",https://m.media-amazon.com/images/I/51gLonI8VsL._AC_UL320_.jpg,4.1,62830,2025-02-12 14:32:28.757887,2025-02-12 14:32:28.757887
JUGULAR Men's Slim Fit Track pants,"[""All Exercise & Fitness""]",https://m.media-amazon.com/images/I/71r3RWbLWAL._AC_UL320_.jpg,3.7,185155,2025-02-12 14:32:28.757887,2025-02-12 14:32:28.757887
Kore (PVC/ Rubber/ Coloured Rubber/ Steel/ Professional Metal Integrted)  10 - 30 Kg Spare Weight Plates Combo,"[""All Exercise & Fitness""]",https://m.media-amazon.com/images/I/61eI78WDoQL._AC_UL320_.jpg,3.7,46150,2025-02-12 14:32:28.757887,2025-02-12 14:32:28.757887
"Rioff® Steel Pull Up Chin up Bar, Steel Chin Up, Sangal Rod with Chain Hanging Rod ChinUp Bar, Height Increaser and Pull E...","[""All Exercise & Fitness""]",https://m.media-amazon.com/images/I/51OZ1x5Zt6L._AC_UL320_.jpg,4.2,231490,2025-02-12 14:32:28.757887,2025-02-12 14:32:28.757887
Aurion PVC Dumbbells - (1kg*2) (2kg*2) (3kg*2) (Set of 3) | Premium Hand Weight Dumbbell | Exercise and Fitness Training E...,"[""All Exercise & Fitness""]",https://m.media-amazon.com/images/I/71t8ANKkBzL._AC_UL320_.jpg,4.0,185155,2025-02-12 14:32:28.757887,2025-02-12 14:32:28.757887
"FitBox Sports Intruder Hand Grips, Set of 2 (Black)","[""All Exercise & Fitness""]",https://m.media-amazon.com/images/I/618dJgxlsrL._AC_UL320_.jpg,3.3,88036,2025-02-12 14:32:28.757887,2025-02-12 14:32:28.757887
"BROGBUS Weight Lifting Workout Gym Gloves with Wrist Support for Men and Women (XL, Black) Material: neoprene","[""All Exercise & Fitness""]",https://m.media-amazon.com/images/I/514qXNC3aeL._AC_UL320_.jpg,4.3,111019,2025-02-12 14:32:28.757887,2025-02-12 14:32:28.757887
Adidas Unisex Low Cut Cotton Blend Socks (Pack Of 3) (AD-0632 Lt Grey Mel/Black/Anthra Mel_Multicolor),"[""All Exercise & Fitness""]",https://m.media-amazon.com/images/I/81GffNsMvxL._AC_UL320_.jpg,4.0,101752,2025-02-12 14:32:28.757887,2025-02-12 14:32:28.757887
PLUMBURY Women's Nylon Lightly Padded Wire Free Sports Bra,"[""All Exercise & Fitness""]",https://m.media-amazon.com/images/I/61uC3C7agpS._AC_UL320_.jpg,3.6,166621,2025-02-12 14:32:28.757887,2025-02-12 14:32:28.757887
"FitBox Sports Adjustable Black/Gray Hand Grip (10kg - 40kg) Finger Excerciser, Hand Gripper For Men & Women","[""All Exercise & Fitness""]",https://m.media-amazon.com/images/I/61qILzqY7qL._AC_UL320_.jpg,3.9,90631,2025-02-12 14:32:28.757887,2025-02-12 14:32:28.757887
Jockey Women's Cotton Top,"[""All Exercise & Fitness""]",https://m.media-amazon.com/images/I/71CYNFNXZrL._AC_UL320_.jpg,4.1,62830,2025-02-12 14:32:28.757887,2025-02-12 14:32:28.757887
"OJS Yoga Mat for Women and Men with Strap And Cover Bag TPE Material Extra Thick Exercise Yoga Mat for Men for Workout, Yo...","[""All Exercise & Fitness""]",https://m.media-amazon.com/images/I/61i+MEUIOPL._AC_UL320_.jpg,5.0,277825,2025-02-12 14:32:28.757887,2025-02-12 14:32:28.757887
"Harissons Jake Gym Bag, 31 L Duffel Bag with Shoe Compartment - Navy Red, Unisex, Polyester | 3 in 1 Multi-Purpose Duffle ...","[""All Exercise & Fitness""]",https://m.media-amazon.com/images/I/81n3kmyrMGL._AC_UL320_.jpg,4.2,305626,2025-02-12 14:32:28.757887,2025-02-12 14:32:28.757887
"GOCART WITH G LOGO Resistance Bands, Exercise Bands Include 5 Different Levels Exercise Bands, Door Anchor, Foam Handles, ...","[""All Exercise & Fitness""]",https://m.media-amazon.com/images/I/71CjS28Z1zL._AC_UL320_.jpg,4.0,370495,2025-02-12 14:32:28.757887,2025-02-12 14:32:28.757887
EIO Unisex Kids Cotton Pajama Pants Pack of 6,"[""All Exercise & Fitness""]",https://m.media-amazon.com/images/I/51i9ProxZyL._AC_UL320_.jpg,3.8,277825,2025-02-12 14:32:28.757887,2025-02-12 14:32:28.757887
"Boldfit Skipping Rope for Men and Women Jumping Rope With Adjustable Height Speed Skipping Rope for Exercise, Gym, Sports ...","[""All Exercise & Fitness""]",https://m.media-amazon.com/images/I/61GHfimWwuL._AC_UL320_.jpg,4.1,55417,2025-02-12 14:32:28.757887,2025-02-12 14:32:28.757887
"STRAUSS Yoga Belt (Blue, 8 Feet)","[""All Exercise & Fitness""]",https://m.media-amazon.com/images/I/81H-LScfRIL._AC_UL320_.jpg,4.2,78770,2025-02-12 14:32:28.757887,2025-02-12 14:32:28.757887
Signamio® Yoga Belt 8 Loop for Women and Men Extra Thick Exercise for Workout Yoga Fitness - Blue-Black-1pcs,"[""All Exercise & Fitness""]",https://m.media-amazon.com/images/I/71nvBRv6CoL._AC_UL320_.jpg,4.3,129553,2025-02-12 14:32:28.757887,2025-02-12 14:32:28.757887
Chromozome Men's Regular Shorts,"[""All Exercise & Fitness""]",https://m.media-amazon.com/images/I/61aA1ucTyJL._AC_UL320_.jpg,3.9,122139,2025-02-12 14:32:28.757887,2025-02-12 14:32:28.757887
"Amazon Brand - Symactive Rubber Coated Hex Dumbbells, Set of 2, 5 Kg","[""All Exercise & Fitness""]",https://m.media-amazon.com/images/I/81nZnXUMtjL._AC_UL320_.jpg,4.5,574554,2025-02-12 14:32:28.757887,2025-02-12 14:32:28.757887
Birthday Popper Drawstring Sack Bag (Set of 15) Birthday Return Gifts for All Age Group,"[""All Exercise & Fitness""]",https://m.media-amazon.com/images/I/71UYw8OS79L._AC_UL320_.jpg,4.0,166806,2025-02-12 14:32:28.757887,2025-02-12 14:32:28.757887
"Fitness Mantra® EVA Yoga Mat for Gym Workout and Yoga Exercise with 6mm Thickness, Anti-Slip Yoga Mat for Men & Women Fitn...","[""All Exercise & Fitness""]",https://m.media-amazon.com/images/I/61-w1cccjwL._AC_UL320_.jpg,4.0,277825,2025-02-12 14:32:28.757887,2025-02-12 14:32:28.757887
"Fashnex Resistance Band - 1.5 Meters Therapy Band - Exercise Band for Gym, Workout, Yoga, Physical Therapy, Home Exercise ...","[""All Exercise & Fitness""]",https://m.media-amazon.com/images/I/61MGJI4mUuS._AC_UL320_.jpg,4.4,88785,2025-02-12 14:32:28.757887,2025-02-12 14:32:28.757887
Alan Jones Clothing Men's Slim Fit Track pants,"[""All Exercise & Fitness""]",https://m.media-amazon.com/images/I/81t3XS8UciL._AC_UL320_.jpg,4.0,240757,2025-02-12 14:32:28.757887,2025-02-12 14:32:28.757887
"FEGSY Resistance Tube Exercise Bands for Stretching, Workout, and Toning for Men, and Women - 50 LBS","[""All Exercise & Fitness""]",https://m.media-amazon.com/images/I/71zL20ACshL._AC_UL320_.jpg,3.9,185155,2025-02-12 14:32:28.757887,2025-02-12 14:32:28.757887
Chromozome Men's Athletic Track Pants,"[""All Exercise & Fitness""]",https://m.media-amazon.com/images/I/81wP4aErT4L._AC_UL320_.jpg,3.7,178668,2025-02-12 14:32:28.757887,2025-02-12 14:32:28.757887
"XTRIM Skipping Rope for Cardio Muscular Activities, Gym & Fitness Enthusiasts, Virgin PVC Rope, Ergonomic Handle, Lightwei...","[""All Exercise & Fitness""]",https://m.media-amazon.com/images/I/61rtQigzN5L._AC_UL320_.jpg,3.4,111019,2025-02-12 14:32:28.757887,2025-02-12 14:32:28.757887
"XTRIM Durafit Unisex Stylish Ankle Straps with Metal D-Rings for Cable Machine, Kickbacks and Glutes Workouts, Adjustable ...","[""All Exercise & Fitness""]",https://m.media-amazon.com/images/I/71prxn3VqNL._AC_UL320_.jpg,4.2,166621,2025-02-12 14:32:28.757887,2025-02-12 14:32:28.757887
"Cockatoo Anti-Burst Gym Ball ( 55 Cm to 95 Cm) with Foot Pump, Exercise Ball","[""All Exercise & Fitness""]",https://m.media-amazon.com/images/I/513+T+wyO3L._AC_UL320_.jpg,4.1,207581,2025-02-12 14:32:28.757887,2025-02-12 14:32:28.757887
"Renewa Shoulder Exercise Equipment Rope with Pulley - Eco,Plastic Blue and Red","[""All Exercise & Fitness""]",https://m.media-amazon.com/images/I/41Pfcb8nDiL._AC_UL320_.jpg,3.9,46335,2025-02-12 14:32:28.757887,2025-02-12 14:32:28.757887
SPARNOD FITNESS SAB-05 Upright Air Bike Exercise Cycle for Home Gym - Dual Action for Full Body Workout - Adjustable Resis...,"[""All Exercise & Fitness""]",https://m.media-amazon.com/images/I/615evsyGKLL._AC_UL320_.jpg,4.3,3336120,2025-02-12 14:32:28.757887,2025-02-12 14:32:28.757887
Jockey Men's Cotton Track Pants,"[""All Exercise & Fitness""]",https://m.media-amazon.com/images/I/61qoz5T51VL._AC_UL320_.jpg,4.2,185155,2025-02-12 14:32:28.757887,2025-02-12 14:32:28.757887
"Hind Home Women's Ultra-Thin Transparent Nylon Ankle Length Socks (Beige Color, Free Sze) - Set of 10 Pair","[""All Exercise & Fitness""]",https://m.media-amazon.com/images/I/41VZexn3ZpL._AC_UL320_.jpg,3.8,129553,2025-02-12 14:32:28.757887,2025-02-12 14:32:28.757887
Gymwar Gym Gloves for Weight Lifting Crossfit Fitness Workout Exercise Hand Grips for Women (Free Size),"[""All Exercise & Fitness""]",https://m.media-amazon.com/images/W/IMAGERENDERING_521856-T1/images/I/41uj3alv9rL._AC_UL320_.jpg,3.9,148087,2025-02-12 14:32:28.757887,2025-02-12 14:32:28.757887
"ARNV Yoga and Exercise Mat with Carrying Strap, 8mm","[""All Exercise & Fitness""]",https://m.media-amazon.com/images/W/IMAGERENDERING_521856-T1/images/I/71U9fJpqaFL._AC_UL320_.jpg,3.9,129553,2025-02-12 14:32:28.757887,2025-02-12 14:32:28.757887
Jockey Women's Cotton Boyshorts (Pack of 1) (SS04_Black_M_Black_M),"[""All Exercise & Fitness""]",https://m.media-amazon.com/images/W/IMAGERENDERING_521856-T1/images/I/7152PCh-V8L._AC_UL320_.jpg,4.2,46150,2025-02-12 14:32:28.757887,2025-02-12 14:32:28.757887
Star X PRO PVC weight 10kg with Dummbell rod,"[""All Exercise & Fitness""]",https://m.media-amazon.com/images/W/IMAGERENDERING_521856-T1/images/I/51U4BHYfPzL._AC_UL320_.jpg,3.2,370495,2025-02-12 14:32:28.757887,2025-02-12 14:32:28.757887
"FitBox Sports Wall Mounting Chin Up Bar, Pull Up Bar & Ab Straps Combo","[""All Exercise & Fitness""]",https://m.media-amazon.com/images/W/IMAGERENDERING_521856-T1/images/I/51FS0XhYAnL._AC_UL320_.jpg,3.4,722641,2025-02-12 14:32:28.757887,2025-02-12 14:32:28.757887
"obliss Weight Loss Hot Slimming Belt for Men , Women Belly Sweat Slim Belt Neoprene Fat Burning Sauna Waist Trainer Health...","[""All Exercise & Fitness""]",https://m.media-amazon.com/images/W/IMAGERENDERING_521856-T1/images/I/61roYJfIUaL._AC_UL320_.jpg,3.3,222223,2025-02-12 14:32:28.757887,2025-02-12 14:32:28.757887
BLUMORA Exercise Bands Resistance Bands Set for Workingout Door Fitness Gym Resistance Bands Kit for Men Women Streching R...,"[""All Exercise & Fitness""]",https://m.media-amazon.com/images/W/IMAGERENDERING_521856-T1/images/I/610kiYkbt8L._AC_UL320_.jpg,3.1,185155,2025-02-12 14:32:28.757887,2025-02-12 14:32:28.757887
"Fashnex Skipping Rope for Men, Women & Children - Jump Rope for Exercise Workout & Weight Loss - Tangle Free Jumping Rope ...","[""All Exercise & Fitness""]",https://m.media-amazon.com/images/W/IMAGERENDERING_521856-T1/images/I/71DYbnDt+5L._AC_UL320_.jpg,4.5,129553,2025-02-12 14:32:28.757887,2025-02-12 14:32:28.757887
AmazonBasics Puzzle Exercise Mat with EVA Foam Interlocking Tiles,"[""All Exercise & Fitness""]",https://m.media-amazon.com/images/W/IMAGERENDERING_521856-T1/images/I/91T3ImnBwUL._AC_UL320_.jpg,4.2,1019370,2025-02-12 14:32:28.757887,2025-02-12 14:32:28.757887
"Proberos® Cotton Yoga Socks Sport Fitness Half Toe Ankle Grip Gym No-Slip Socks for Pilates, Barre, Ballet, Barefoot Workout","[""All Exercise & Fitness""]",https://m.media-amazon.com/images/W/IMAGERENDERING_521856-T1/images/I/61e5BpnZ5OL._AC_UL320_.jpg,4.1,163655,2025-02-12 14:32:28.757887,2025-02-12 14:32:28.757887
"USI UNIVERSAL THE UNBEATABLE Power Lifting Belt, 790PL_S Light Lifting Belt for Men & Women Weightlifting Competition Work...","[""All Exercise & Fitness""]",https://m.media-amazon.com/images/W/IMAGERENDERING_521856-T1/images/I/61C+i6EoJhL._AC_UL320_.jpg,4.4,333427,2025-02-12 14:32:28.757887,2025-02-12 14:32:28.757887
Puma polyester 23 Cms Gym Bag(7572229_Pink_X_Red),"[""All Exercise & Fitness""]",https://m.media-amazon.com/images/W/IMAGERENDERING_521856-T1/images/I/81MHjhYl1YL._AC_UL320_.jpg,4.1,277825,2025-02-12 14:32:28.757887,2025-02-12 14:32:28.757887
"Lifelong LLM234 Crazyfit Vibration Plate Massager Machine for Full Body, Weight Loss,Muscle Toning, Pain Relief, Flexibili...","[""All Exercise & Fitness""]",https://m.media-amazon.com/images/W/IMAGERENDERING_521856-T1/images/I/71V74twbzmL._AC_UL320_.jpg,4.3,2594760,2025-02-12 14:32:28.757887,2025-02-12 14:32:28.757887
"QUADA Compression Swimming t Shirt Full Sleevs for Men (Black, Large)","[""All Exercise & Fitness""]",https://m.media-amazon.com/images/W/IMAGERENDERING_521856-T1/images/I/51fbEVpi+ZL._AC_UL320_.jpg,4.1,185155,2025-02-12 14:32:28.757887,2025-02-12 14:32:28.757887
"Just rider Bamboo Football Cotton Socks/Stockings for Men Women Knee High Length Superior Grip for Shin Guard, Anti Slip B...","[""All Exercise & Fitness""]",https://m.media-amazon.com/images/W/IMAGERENDERING_521856-T1/images/I/61Z-Mw7ii2L._AC_UL320_.jpg,4.0,129553,2025-02-12 14:32:28.757887,2025-02-12 14:32:28.757887
Vector X Skipping Rope (Black),"[""All Exercise & Fitness""]",https://m.media-amazon.com/images/W/IMAGERENDERING_521856-T1/images/I/51mTUuH-NGL._AC_UL320_.jpg,4.0,29654,2025-02-12 14:32:28.757887,2025-02-12 14:32:28.757887
"Exercise Nylon and Rubber Wrist Wrap Bands, Deadlift Straps Wrist Support for Gym by STEIGEN FITNESS-SF","[""All Exercise & Fitness""]",https://m.media-amazon.com/images/W/IMAGERENDERING_521856-T1/images/I/81+E0T5zVAL._AC_UL320_.jpg,4.3,111019,2025-02-12 14:32:28.757887,2025-02-12 14:32:28.757887
"Fitbox Sports Vinyl Coated PVC Intruder 20 Kg Weight Plates, 10Kg X 2(Black)","[""All Exercise & Fitness""]",https://m.media-amazon.com/images/W/IMAGERENDERING_521856-T1/images/I/71dyei1ouDL._AC_UL320_.jpg,3.8,449450,2025-02-12 14:32:28.757887,2025-02-12 14:32:28.757887
Reach Digital Pedal Exercise Machine | Mini Fitness Cycle For Home With Fixing Strap | Adjustable Resistance Band & LCD Di...,"[""All Exercise & Fitness""]",https://m.media-amazon.com/images/W/IMAGERENDERING_521856-T1/images/I/712GMLoAJ4L._AC_UL320_.jpg,4.2,741360,2025-02-12 14:32:28.757887,2025-02-12 14:32:28.757887
Slovic Hand Grip With Counter | Hand Gripper Upto 60 Kg | Hand Grip Strengthener | Adjustable Resistance | Hand Grip Worko...,"[""All Exercise & Fitness""]",https://m.media-amazon.com/images/W/IMAGERENDERING_521856-T1/images/I/81ZvQvsxhQL._AC_UL320_.jpg,4.3,129553,2025-02-12 14:32:28.757887,2025-02-12 14:32:28.757887
"PowerMax Fitness TD-M1-A1 Series - Light, Foldable, Electric Treadmill【100% Pre-Installed】 Running Machine for Max Pro-Wor...","[""All Exercise & Fitness""]",https://m.media-amazon.com/images/W/IMAGERENDERING_521856-T1/images/I/7190xlXlArL._AC_UL320_.jpg,4.4,11580043,2025-02-12 14:32:28.757887,2025-02-12 14:32:28.757887
"SG Century Model Cotton and Spandex Cricket Sleeve (Black, Large)","[""All Exercise & Fitness""]",https://m.media-amazon.com/images/W/IMAGERENDERING_521856-T1/images/I/915+UH1vOoL._AC_UL320_.jpg,4.0,42443,2025-02-12 14:32:28.757887,2025-02-12 14:32:28.757887
Pummelo 2 in 1 Foam Roller for deep tissue massage for muscle fitness exercise therapy yoga with bag medium with multi tri...,"[""All Exercise & Fitness""]",https://m.media-amazon.com/images/W/IMAGERENDERING_521856-T1/images/I/71qKMEs+sZL._AC_UL320_.jpg,4.4,370495,2025-02-12 14:32:28.757887,2025-02-12 14:32:28.757887
"POWRSOX 4 Pairs Sports Socks for Men Moisture-Wicking, Compression, and Cushioning for Superior Performance and Comfort, P...","[""All Exercise & Fitness""]",https://m.media-amazon.com/images/W/IMAGERENDERING_521856-T1/images/I/91fbkPfZjsL._AC_UL320_.jpg,5.0,222223,2025-02-12 14:32:28.757887,2025-02-12 14:32:28.757887
"Fitcozi Exercise & Fitness Advance Wobble Balance Board For Balance & Stability Training for Whole Family - Kids, Teens & ...","[""All Exercise & Fitness""]",https://m.media-amazon.com/images/I/71CtUWz8XoL._AC_UL320_.jpg,3.8,370495,2025-02-12 14:32:28.757887,2025-02-12 14:32:28.757887
Longies Women's Cotton Non Padded Wire Free Sports Bra,"[""All Exercise & Fitness""]",https://m.media-amazon.com/images/I/715ghJ5-AiS._AC_UL320_.jpg,3.9,222223,2025-02-12 14:32:28.757887,2025-02-12 14:32:28.757887
"ZIVIK Sit-ups Assistant Device, Upgraded Sit-up Fitness Equipment Muscle Exercise Abdominal Device Portable Sit Up Bar wit...","[""All Exercise & Fitness""]",https://m.media-amazon.com/images/I/51kc0YeAA6S._AC_UL320_.jpg,4.4,296359,2025-02-12 14:32:28.757887,2025-02-12 14:32:28.757887
Jockey Women's Tailored Fit Thermal Top,"[""All Exercise & Fitness""]",https://m.media-amazon.com/images/I/81zj09l9HAL._AC_UL320_.jpg,4.2,96191,2025-02-12 14:32:28.757887,2025-02-12 14:32:28.757887
"CONSONANTIAM Resistance Loop Exercise Bands for Home Fitness & Yoga || Men & Women Exercise Fitness Band (Multicolor, Set ...","[""All Exercise & Fitness""]",https://m.media-amazon.com/images/I/51+1VvB-y9L._AC_UL320_.jpg,3.3,185155,2025-02-12 14:32:28.757887,2025-02-12 14:32:28.757887
Bodyband Gym Ball for Exercise Anti Burst Exercise Ball with Foot Pump for Workout Yoga Ball for Women and Men Swiss Ball ...,"[""All Exercise & Fitness""]",https://m.media-amazon.com/images/I/51YKkY8tS7L._AC_UL320_.jpg,4.8,259291,2025-02-12 14:32:28.757887,2025-02-12 14:32:28.757887
RACHEYTA Ultra-Thin Transparent Nylon Summer Ankle Length Stocking Socks for Women/Girl's,"[""All Exercise & Fitness""]",https://m.media-amazon.com/images/I/51YbjWHW3fL._AC_UL320_.jpg,3.6,73951,2025-02-12 14:32:28.757887,2025-02-12 14:32:28.757887
"Bodylastics Yoga Wheel for Women and Men Fitness 13” Strong, Sweat Resistant & Eco-Friendly","[""All Exercise & Fitness""]",https://m.media-amazon.com/images/I/712WUjc0A+L._AC_UL320_.jpg,4.3,555835,2025-02-12 14:32:28.757887,2025-02-12 14:32:28.757887
Aegon Sit Up Assistant Device Bar | Abs Master | Crunches Equipment | Gym Instrument for Home Workout | Abdominal Push Up...,"[""All Exercise & Fitness""]",https://m.media-amazon.com/images/I/41p97GmwKNL._AC_UL320_.jpg,4.1,277825,2025-02-12 14:32:28.757887,2025-02-12 14:32:28.757887
Jockey AW87 Women's Super Combed Cotton Elastane Stretch Slim Fit Leggings with Ultrasoft Waistband,"[""All Exercise & Fitness""]",https://m.media-amazon.com/images/I/31ROcDGsyWL._AC_UL320_.jpg,4.3,105458,2025-02-12 14:32:28.757887,2025-02-12 14:32:28.757887
Shopoflux® Treadmill Safety Key | Universal Treadmill Magnet Security Lock | Fitness Replacement Kit for All Treadmill- Red,"[""All Exercise & Fitness""]",https://m.media-amazon.com/images/I/814JhP78rdL._AC_UL320_.jpg,4.3,129738,2025-02-12 14:32:28.757887,2025-02-12 14:32:28.757887
"Boldfit Ab Roller For Men & Women. Abs Exercise Equipment For Tummy. Usable In Gym Workout, Home Workout, Abdominal Exerci...","[""All Exercise & Fitness""]",https://m.media-amazon.com/images/I/91OkZoVbxJL._AC_UL320_.jpg,4.3,148087,2025-02-12 14:32:28.757887,2025-02-12 14:32:28.757887
APRODO Sports DIP Belt with Steel Chain 36 INCHES Weighted Chain for DIPS Pull UPS Weight Lifting Crossfit ONE Size FITS All,"[""All Exercise & Fitness""]",https://m.media-amazon.com/images/I/51qDNJSAQ9L._AC_UL320_.jpg,4.5,139005,2025-02-12 14:32:28.757887,2025-02-12 14:32:28.757887
Peppyzone Men's Camouflage Regular Fit Track Pant,"[""All Exercise & Fitness""]",https://m.media-amazon.com/images/I/610BjJqZ67L._AC_UL320_.jpg,3.6,240757,2025-02-12 14:32:28.757887,2025-02-12 14:32:28.757887
"DAZIBAO® Double Toning Resistance Tube Pull Rope Elastic Rubber Exercise Band for Stretching, Workout, Home Gym and Toning...","[""All Exercise & Fitness""]",https://m.media-amazon.com/images/I/614aNZj4QUL._AC_UL320_.jpg,3.8,203689,2025-02-12 14:32:28.757887,2025-02-12 14:32:28.757887
"Sector z Unisex Faux Leather Triangle Gym Bag (Tan, 25 L)","[""All Exercise & Fitness""]",https://m.media-amazon.com/images/I/71ZkacavrAL._AC_UL320_.jpg,3.4,92485,2025-02-12 14:32:28.757887,2025-02-12 14:32:28.757887
"Spotzero By Milton Tejas Yoga Mat, Pink (CCPDGEN048ASSR0020)","[""All Exercise & Fitness""]",https://m.media-amazon.com/images/I/819VYrYGSfL._AC_UL320_.jpg,4.8,333427,2025-02-12 14:32:28.757887,2025-02-12 14:32:28.757887
"VIFITKIT Foam Roller for Deep Tissue Muscle Massage, Trigger Point Therapy, Exercise, and Workout (Blue, 12*4 inches)","[""All Exercise & Fitness""]",https://m.media-amazon.com/images/I/51AgM1b6vtL._AC_UL320_.jpg,4.0,296359,2025-02-12 14:32:28.757887,2025-02-12 14:32:28.757887
"EasyHealth Professional Grade 22"" Wrist Band for Men Gym, Wrist Supporter for Gym Wrist wrap/Straps, Gym Accessories for M...","[""All Exercise & Fitness""]",https://m.media-amazon.com/images/I/71YhNkBP+7L._AC_UL320_.jpg,4.3,92485,2025-02-12 14:32:28.757887,2025-02-12 14:32:28.757887
"Protoner Spare Weight Lifting Plates for Home Gym, 2.5 kg x 4","[""All Exercise & Fitness""]",https://m.media-amazon.com/images/I/61Y0yRHfmRL._AC_UL320_.jpg,3.4,333427,2025-02-12 14:32:28.757887,2025-02-12 14:32:28.757887
Dr Trust TPE Premium Luxfoam Yoga Mat for Gym Workout and Flooring Exercise Yoga Mat for Men and Women Fitness - 317,"[""All Exercise & Fitness""]",https://m.media-amazon.com/images/I/81wvPXmY45L._AC_UL320_.jpg,4.4,741360,2025-02-12 14:32:28.757887,2025-02-12 14:32:28.757887
GOCART WITH G LOGO 65-70 KG Strengthener Strength Trainer Adjustable 150lbs Metal Hand Grip/Fitness Grip-1pcs,"[""All Exercise & Fitness""]",https://m.media-amazon.com/images/I/41oTg0XNbFL._AC_UL320_.jpg,4.5,203689,2025-02-12 14:32:28.757887,2025-02-12 14:32:28.757887
"GOCART WITH G LOGO Skipping Rope for Men Gym, Women, Weight Loss, Kids, Girls, Children, Adult Best in Sports, Fitness, Ex...","[""All Exercise & Fitness""]",https://m.media-amazon.com/images/I/71TrjSKEHhS._AC_UL320_.jpg,4.0,148087,2025-02-12 14:32:28.757887,2025-02-12 14:32:28.757887
Kobo WTA-04 Power Cotton Gym Support with Thumb Support Grip Gloves (Black),"[""All Exercise & Fitness""]",https://m.media-amazon.com/images/I/8168YBqLFsL._AC_UL320_.jpg,4.4,70429,2025-02-12 14:32:28.757887,2025-02-12 14:32:28.757887
"PowerMax Fitness Multi-Purpose PMS-50 (50ml Silicone Oil Bottle) 100% Pure Silicone Treadmill Lubricant, Full Belt Width L...","[""All Exercise & Fitness""]",https://m.media-amazon.com/images/I/61m2UmNPs5L._AC_UL320_.jpg,4.3,53749,2025-02-12 14:32:28.757887,2025-02-12 14:32:28.757887
"SFANE Polyester 9.84 inches Grey Duffel Gym Bag, Shoulder Sports Bag for Men & Women with Shoe Compartment (Grey & Orange))","[""All Exercise & Fitness""]",https://m.media-amazon.com/images/I/91rKN59U1kL._AC_UL320_.jpg,4.4,258549,2025-02-12 14:32:28.757887,2025-02-12 14:32:28.757887
"Serveuttam Mini Pilates Ball - Small Exercise Ball for Yoga, Pilates, Barre, Physical Therapy, Stretching and Core Fitness...","[""All Exercise & Fitness""]",https://m.media-amazon.com/images/I/615NzMxM7PL._AC_UL320_.jpg,3.8,120471,2025-02-12 14:32:28.757887,2025-02-12 14:32:28.757887
"MorningVale Burney Double Toning Resistance Tube Heavy Quality Rubber Exercise Band for Stretching, Full Body Workout, Hom...","[""All Exercise & Fitness""]",https://m.media-amazon.com/images/I/5141EFrFECL._AC_UL320_.jpg,3.6,92485,2025-02-12 14:32:28.757887,2025-02-12 14:32:28.757887
"Nivia Leather Weightlifting Gym Gloves for Men, Training Gloves, Workout Gloves, Hand Glove Gym Workout, Leather Gloves Me...","[""All Exercise & Fitness""]",https://m.media-amazon.com/images/I/61QjL1jS9VL._AC_UL320_.jpg,3.9,95450,2025-02-12 14:32:28.757887,2025-02-12 14:32:28.757887
"Mini Yoga Pilates Ball, AB SALES Exercise Ball, 9 Inch Bender with Inflatable Straw for Barre, Physical Therapy, Stabilit...","[""All Exercise & Fitness""]",https://m.media-amazon.com/images/I/61UEPi38b+L._AC_UL320_.jpg,4.0,46520,2025-02-12 14:32:28.757887,2025-02-12 14:32:28.757887
