id,name,description,price,created_at,updated_at,rating,categories,images
2,"Apple iPhone 15 Pro 6.1-inch 2023 Natural Blue Black White Titanium - Black Titanium, 1TB","(Original Guaranteed - Brand New In Box - Sealed)\n\nProduct: iPhone 15 Pro 6.1-inch\nChip: A17 Pro Bionic Chip\nNetwork: 5G\nColor: Black Titanium, White Titanium, Blue Titanium, Natural Titanium\nStorage: 128 GB, 256 GB, 512 GB, 1 TB\n\nSpecifications:\nNew 6‑core CPU with 2 performance and 4 efficiency cores\nNew 6‑core GPU\nNew 16‑core Neural Engine\n\n1 Year Apple Official Indonesia Warranty PA/A, ID/A, SA/A (Non-Activated)\n(Free Claim & Assistance)\n\nWhat is in the box:\n- iPhone 15 Pro with iOS 17\n- USB-C Charge Cable (1 m)\n- Documentation",16999000,2025-01-14 14:59:29.389,2025-01-14 14:59:29.389,,"['Apple', 'Smartphone', 'Mobile', 'Electronics']","[https://gclyhedubfskowdnrtmg.supabase.co/storage/v1/object/public/ecommerce/products/61XO4bORHUL.__AC_SX300_SY300_QL70_FMwebp_.jpg""]"""
3,"Garmin Forerunner 945, Premium GPS Running/Triathlon Smartwatch with Music, Black - 010-02063-00","Unduh lagu ke jam tangan Anda, termasuk playlist dari Spotify, Amazon Music, atau Deezer (mungkin memerlukan langganan premium dengan penyedia musik pihak ketiga).\nFitur pemantauan kinerja meliputi Vo2 Max dan status pelatihan dengan penyesuaian untuk panas, ketinggian, status aklimasi, fokus beban pelatihan, waktu pemulihan, serta efek pelatihan aerobik dan anaerobik.\nGarmin Pay, solusi pembayaran tanpa kontak (tersedia untuk kartu yang didukung dari bank-partner), memungkinkan Anda melakukan pembayaran dengan mudah menggunakan jam tangan Anda sehingga Anda dapat meninggalkan uang tunai dan kartu di rumah.\nPeta berwarna penuh yang terintegrasi membimbing Anda saat berlari sehingga Anda tidak pernah tersesat selama latihan.\nFitur keselamatan dan pelacakan meliputi deteksi insiden (selama aktivitas tertentu) yang mengirimkan lokasi Anda secara real-time ke kontak darurat melalui smartphone yang kompatibel yang dipasangkan.\nDaya tahan baterai: Hingga 2 minggu dalam mode smartwatch, 10 jam dalam mode GPS dengan musik, atau hingga 60 jam dalam mode ultratrac. Resolusi layar - 240 x 240 piksel.",9499000,2025-01-14 14:59:24.94,2025-01-14 14:59:24.94,,"['Gadget', 'Wearable', 'Smartwatch']","[https://gclyhedubfskowdnrtmg.supabase.co/storage/v1/object/public/ecommerce/products/51OGPOpbBaL._AC_SL1000_.jpg""]"""
4,"Garmin 010-02158-01 fenix 6 Pro, Premium Multisport GPS Watch, Features Mapping, Music, Grade-Adjusted Pace Guidance and Pulse Ox Sensors, Black","Cocok untuk performa dengan desain yang tangguh dan canggih yang menampilkan layar selalu aktif berukuran 1,3” (18% lebih besar daripada model Fenix sebelumnya) yang dapat dibaca di bawah sinar matahari dengan bezel dari stainless steel, titanium, atau lapisan karbon seperti berlian (DLC).\nFitur Khusus: Bluetooth.\nEstimasi detak jantung pergelangan tangan dan Pulse Ox yang ditingkatkan untuk mendukung pemantauan tidur tingkat lanjut dan aklimatisasi ketinggian pada elevasi tinggi (ini bukan perangkat medis dan tidak dimaksudkan untuk digunakan dalam diagnosis atau pemantauan kondisi medis apa pun).\nFitur pelatihan tingkat lanjut termasuk PacePro untuk panduan kecepatan yang disesuaikan dengan tingkat kesulitan sepanjang aktivitas Anda serta estimasi VO2 max dan status pelatihan yang disesuaikan dengan lingkungan.\nMenavigasi alam luar dengan peta topografi yang telah dimuat sebelumnya, peta ski untuk lebih dari 2.000 resor ski di seluruh dunia, dukungan untuk berbagai sistem satelit navigasi global (GPS, GLONASS, dan Galileo), serta sensor bawaan untuk kompas 3-sumbu, giroskop, dan altimeter barometrik.\nDukungan untuk pembayaran tanpa kontak Garmin Pay (tidak semua negara dan jaringan pembayaran memenuhi syarat), penyimpanan musik dengan dukungan layanan streaming premium (mungkin memerlukan langganan dengan penyedia musik pihak ketiga), notifikasi pintar, dan lainnya.\nPerforma baterai: Hingga 14 hari dalam mode Smart Watch, hingga 10 jam dalam mode GPS dan musik, hingga 28 hari dalam mode aktivitas GPS ekspedisi, dan hingga 48 hari dalam mode hemat baterai Smart Watch.\nKomponen yang disertakan: Fenix 6, kabel pengisian/data, dokumentasi.",13499000,2025-01-14 14:59:40.888,2025-01-14 14:59:40.888,,"['Electronics', 'Gadget']","[https://gclyhedubfskowdnrtmg.supabase.co/storage/v1/object/public/ecommerce/products/61SydCiN+5L._AC_SL1000_.jpg""]"""
5,"SUUNTO 9 Baro: Rugged GPS Running, Cycling, Adventure Watch with Route Navigation","Jam GPS multisport yang tahan lama ini dirancang untuk atlet yang menuntut yang terbaik; Menampilkan lebih dari 80 mode olahraga, barometer untuk informasi ketinggian yang akurat, dan monitor detak jantung pergelangan tangan.\nBuilt To Last: Dibuat untuk pelatihan, balapan, dan petualangan ekstrem, jam GPS ini memberikan hingga 120 jam pelacakan latihan terus-menerus; Tahan air hingga 100 meter; Sempurna untuk lari, hiking, bersepeda, dan lainnya.\nGet Connected: Hubungkan ke aplikasi olahraga dan layanan favorit Anda dari aplikasi Suunto untuk mendapatkan lebih banyak dari jam tangan Anda; Bagikan dengan komunitas olahraga Anda dan akses analisis pelatihan serta panduan khusus.\nAdventure Starts Here: Menggabungkan desain Skandinavia dengan material yang sangat tahan lama, jam tangan kami melacak olahraga, aktivitas harian, dan tidur Anda untuk membantu Anda menjaga keseimbangan hidup, pelatihan, dan pemulihan.\nAuthentic Heritage: Didirikan pada tahun 1936, Suunto membawa lebih dari 80 tahun kerajinan warisan berkualitas tinggi, ketepatan yang tak kenal lelah, dan inovasi pionir ke jam tangan, kompas, dan produk menyelam kami. Bangga dibuat dengan 100% energi terbarukan.",8200000,2025-01-14 14:59:26.998,2025-01-14 14:59:26.998,,"['Electronics', 'Gadget']","[https://gclyhedubfskowdnrtmg.supabase.co/storage/v1/object/public/ecommerce/products/71w6H-Tcx-L._AC_SL1500_.jpg""]"""
6,"SAMSUNG 14' Galaxy Book4 Pro Laptop PC Computer, Intel Core 7 Ultra Processor 512GB, 3K AMOLED (2880 x 1800) Touchscreen, Advanced Security, 2024 Model, NP940XGK-KG1US, Moonstone Gray",No description provided.,20663800,2025-01-14 14:59:42.918,2025-01-14 14:59:42.918,,"['Laptop', 'Electronics']","[https://gclyhedubfskowdnrtmg.supabase.co/storage/v1/object/public/ecommerce/products/6131ZgIFn1L._AC_UL320_.jpg""]"""
7,"SAMSUNG 14” Galaxy Book3 Pro Laptop Computer, 13th Gen Intel Core i7-1360P Processor / 16GB / 512GB, 3K AMOLED Screen, 120hz, Fingerprint Reader, FHD Webcam, 2023 Model, NP940XFG-KC2US, Graphite",No description provided.,22153200,2025-01-14 14:59:45.561,2025-01-14 14:59:45.561,,"['Laptop', 'Electronics']","[https://gclyhedubfskowdnrtmg.supabase.co/storage/v1/object/public/ecommerce/products/61oTh3Oun5L._AC_UL320_.jpg""]"""
10,"SAMSUNG 15” Galaxy AI Book4 Edge PC Laptop Computer, Snapdragon X Plus Processor, Live Captions, FHD LED Anti-Glare Display, Long-Lasting Battery, 2024 Version, NP750XQA-KB2US",No description provided.,13341100,2025-01-14 14:59:51,2025-01-14 14:59:51,,"['Laptop', 'Electronics']","[https://gclyhedubfskowdnrtmg.supabase.co/storage/v1/object/public/ecommerce/products/61E7wn7WEGL._AC_UL320_.jpg""]"""
11,"SAMSUNG 16” Galaxy Book3 Pro Laptop PC Computer, 13th Gen Intel Core i7-1360P Processor / 16GB / 1TB, 3K AMOLED Screen, 120hz, Fingerprint Reader, FHD Webcam, 2023 Model, NP960XFG-KC1US, Graphite",No description provided.,25899100,2025-01-14 14:59:53.002,2025-01-14 14:59:53.002,,"['Laptop', 'Electronics']","[https://gclyhedubfskowdnrtmg.supabase.co/storage/v1/object/public/ecommerce/products/61oTh3Oun5L._AC_UL320_.jpg""]"""
13,"ASUS Vivobook S 14 OLED Laptop, Intel Core Ultra 9 185H, 16GB, 1TB SSD, Neutral Black, S5406MA-AS96, Intel Evo Edition",No description provided.,14687000,2025-01-14 14:59:59.412,2025-01-14 14:59:59.412,,"['Laptop', 'Electronics']","[https://gclyhedubfskowdnrtmg.supabase.co/storage/v1/object/public/ecommerce/products/61zhCE0iV1L._AC_UL320_.jpg""]"""
19,"SAMSUNG 15.6” Galaxy Book2 Pro Laptop Computer, i7 / 16GB / 512GB, 12th Gen Intel Core Processor, Evo Certified, Lightweight, 2022 Model, Silver",No description provided.,21124300,2025-01-14 15:00:14.04,2025-01-14 15:00:14.04,,"['Laptop', 'Electronics']","[https://gclyhedubfskowdnrtmg.supabase.co/storage/v1/object/public/ecommerce/products/81wJup1fCoL._AC_UL320_.jpg""]"""
21,"SAMSUNG 14' Galaxy Book4 Pro Laptop PC Computer, Intel Core 5 Ultra Processor 512GB, 3K AMOLED (2880 x 1800) Touchscreen, Advanced Security, 2024 Model, NP940XGK-KG2US, Moonstone Gray",No description provided.,0,2025-01-14 14:59:31.353,2025-01-14 14:59:31.353,,"['Laptop', 'Electronics']","[https://gclyhedubfskowdnrtmg.supabase.co/storage/v1/object/public/ecommerce/products/6131ZgIFn1L._AC_UL320_.jpg""]"""
22,"FUNYET Touchscreen Laptop Computer, 14 Inch 2 in 1 Gaming Laptop, Intel Core i7-1265U (up to 4.8 GHz), 16GB RAM 512GB SSD, 1920 x 1080, Backlit Keyboard, Wi-Fi 6, BT5.2, Windows 11 Pro",No description provided.,11510800,2025-01-14 14:59:33.274,2025-01-14 14:59:33.274,,"['Gaming', 'Laptop', 'Electronics']","[https://gclyhedubfskowdnrtmg.supabase.co/storage/v1/object/public/ecommerce/products/51FNfOZbRdL._AC_UL320_.jpg""]"""
23,"SAMSUNG 14” Galaxy Book3 Pro Laptop Computer, 13th Gen Intel Core i7-1360P Processor / 16GB / 1TB, 3K AMOLED Screen, 120hz, Fingerprint Reader, FHD Webcam, 2023 Model, NP940XFG-KA1US, Beige",No description provided.,23735500,2025-01-14 14:59:35.363,2025-01-14 14:59:35.363,,"['Laptop', 'Electronics']","[https://gclyhedubfskowdnrtmg.supabase.co/storage/v1/object/public/ecommerce/products/61PRB3VmZNL._AC_UL320_.jpg""]"""
24,"Dell Inspiron 15 3000 3520 Business Laptop Computer[Windows 11 Pro], 15.6'' FHD Touchscreen, Intel i5-1135G7(Beat i7-1065G7), 32GB RAM, 2TB PCIe SSD, Numeric Keypad, SD Card Reader, HDMI, USB, Black",No description provided.,12440100,2025-01-14 15:00:17.348,2025-01-14 15:00:17.348,,"['Laptop', 'Electronics']","[https://gclyhedubfskowdnrtmg.supabase.co/storage/v1/object/public/ecommerce/products/719-C1sZD-L._AC_UL320_.jpg""]"""
27,"SAMSUNG Galaxy Book Odyssey Laptop Computer, 15.6”, 32GB, 1TB, Intel Core i7 Processor, Customized Gaming, Full HD Screen, Pro Keyboard, Surround Sound, US Version, Mystic Black",No description provided.,25597800,2025-01-14 15:00:23.186,2025-01-14 15:00:23.186,,"['Gaming', 'Laptop', 'Electronics']","[https://gclyhedubfskowdnrtmg.supabase.co/storage/v1/object/public/ecommerce/products/81Gm69I-LyL._AC_UL320_.jpg""]"""
28,"Toughbook FZ-55 Panasonic 55 Intel Core i5-8365U, 1.6GHz/4.1GHz, 14.0 FHD Touchscreen, 8GB, 512GB SSD, HDMI, Bluetooth, USB-A x 2, USB-C x 1, LAN, Webcam, Backlit Keyboard, Windows 10 Pro",No description provided.,40643400,2025-01-14 15:00:25.329,2025-01-14 15:00:25.329,,"['Electronics', 'Gadget']","[https://gclyhedubfskowdnrtmg.supabase.co/storage/v1/object/public/ecommerce/products/71TB2e1F4sL._AC_UL320_.jpg""]"""
29,"Lenovo ThinkPad E14 Gen 2-are 20T60073US 14 Rugged Notebook - Full HD - 1920 x 1080 - AMD Ryzen 3 4300U Quad-core (4 Core) 2.70 GHz - 4 GB RAM - 256 GB SSD - Black - AMD Chip - Windows 10 Pro -""",No description provided.,10751200,2025-01-14 15:00:27.462,2025-01-14 15:00:27.462,,"['Laptop', 'Electronics']","[https://gclyhedubfskowdnrtmg.supabase.co/storage/v1/object/public/ecommerce/products/61mjW4eneWL._AC_UL320_.jpg""]"""
30,"HP ProBook 450 G10 15.6 Notebook - Full HD - 1920 x 1080 - Intel Core i7 13th Gen i7-1355U Deca-core (10 Core) 1.70 GHz - 16 GB Total RAM - 512 GB SSD - Pike Silver Plastic""",No description provided.,17989800,2025-01-14 15:00:29.948,2025-01-14 15:00:29.948,,"['Laptop', 'Electronics']","[https://gclyhedubfskowdnrtmg.supabase.co/storage/v1/object/public/ecommerce/products/61FvG1So3JL._AC_UL320_.jpg""]"""
32,Lenovo ThinkPad E16 Gen 1 21JN0073US 16 Notebook - WUXGA - 1920 x 1200 - Intel Core i7 13th Gen i7-1355U Deca-core [10 Core] 1.70 GHz - 16 GB Total RAM - 8 GB On-board Memory - 512 GB SSD - Graphite,No description provided.,17144400,2025-01-14 15:00:34.034,2025-01-14 15:00:34.034,,"['Laptop', 'Electronics']","[https://gclyhedubfskowdnrtmg.supabase.co/storage/v1/object/public/ecommerce/products/61fit0iz1ML._AC_UL320_.jpg""]"""
34,"Lenovo ThinkPad P16s Gen 2 21HK003PUS 16 Mobile Workstation - WUXGA - 1920 x 1200 - Intel Core i7 13th Gen i7-1360P Dodeca-core (12 Core) 2.20 GHz - 32 GB Total RAM - 32 GB On-Board Memory - 1 TB""",No description provided.,34928900,2025-01-14 15:00:38.013,2025-01-14 15:00:38.013,,"['Electronics', 'Gadget']","[https://gclyhedubfskowdnrtmg.supabase.co/storage/v1/object/public/ecommerce/products/61IATj4J5aL._AC_UL320_.jpg""]"""
35,"Lenovo ThinkPad P1 Gen 6 21FV001BUS 16 Mobile Workstation - WQXGA - 2560 x 1600 - Intel Core i7 13th Gen i7-13700H Tetradeca-core (14 Core) 2.40 GHz - 32 GB Total RAM - 1 TB SSD - Black Paint""",No description provided.,46994500,2025-01-14 15:00:40.208,2025-01-14 15:00:40.208,,"['Electronics', 'Gadget']","[https://gclyhedubfskowdnrtmg.supabase.co/storage/v1/object/public/ecommerce/products/61pspt-QGNL._AC_UL320_.jpg""]"""
36,Asus F80Q-X2AM 14.1-Inch Laptop,No description provided.,12558000,2025-01-14 15:00:42.232,2025-01-14 15:00:42.232,,"['Laptop', 'Electronics']","[https://gclyhedubfskowdnrtmg.supabase.co/storage/v1/object/public/ecommerce/products/81bD+Cq2BSL._AC_UL320_.jpg""]"""
37,"Lenovo ThinkPad L15 Gen 4 21H3001HUS 15.6 Notebook - Full HD - 1920 x 1080 - Intel Core i7 13th Gen i7-1355U Deca-core (10 Core) - 16 GB Total RAM - 512 GB SSD - Thunder Black""",No description provided.,24965700,2025-01-14 15:00:43.983,2025-01-14 15:00:43.983,,"['Laptop', 'Electronics']","[https://gclyhedubfskowdnrtmg.supabase.co/storage/v1/object/public/ecommerce/products/61dSkNTOQHL._AC_UL320_.jpg""]"""
39,"Lenovo ThinkPad P1 Gen 6 21FV001GUS 16 Touchscreen Mobile Workstation - WQUXGA - 3840 x 2400 - Intel Core i7 13th Gen i7-13700H Tetradeca-core (14 Core) 2.40 GHz - 32 GB Total RAM - 1 TB SSD - Black""",No description provided.,20000000,2025-01-14 15:01:07.566,2025-01-14 15:01:07.566,,"['Electronics', 'Gadget']","[https://gclyhedubfskowdnrtmg.supabase.co/storage/v1/object/public/ecommerce/products/617NIXHcDVL._AC_UL320_.jpg""]"""
42,"New for MacBook Pro Retina 16 M1 Pro/Max A2485 LCD Screen Display Full Assembly Late 2021 Year EMC 3651 Silver Color""",No description provided.,10771800,2025-01-14 15:00:47.923,2025-01-14 15:00:47.923,,"['Apple', 'Laptop', 'Electronics']","[https://gclyhedubfskowdnrtmg.supabase.co/storage/v1/object/public/ecommerce/products/61Im0T-APnL._AC_UL320_.jpg""]"""
43,(Silver) Seven Puppy Replacement for MacBook Pro 14.2 inches M1 M2 M3 2021 2023 Year A2442 A2779 A2918 EMC 3560 EMC 8102 EMC 8304 3024×1964 Full LCD Screen Display Complete Assembly,No description provided.,8668300,2025-01-14 15:00:49.729,2025-01-14 15:00:49.729,,"['Apple', 'Laptop', 'Electronics']","[https://gclyhedubfskowdnrtmg.supabase.co/storage/v1/object/public/ecommerce/products/618ujLRRRPL._AC_UL320_.jpg""]"""
44,"WARWOLFTEAM Replacement Screen for MacBook Pro Retina A2141 2019 16 LCD Full Screen Display Assembly 661-14200 (Silver)""",No description provided.,9185800,2025-01-14 15:00:51.528,2025-01-14 15:00:51.528,,"['Apple', 'Laptop', 'Electronics']","[https://gclyhedubfskowdnrtmg.supabase.co/storage/v1/object/public/ecommerce/products/71-LADdWcrL._AC_UL320_.jpg""]"""
45,WARWOLFTEAM Laptop Screen for MacBook Pro A2485 M1 2021 LCD Screen Assembly 16inch 3456X2234 MK1E3LL/A MK1H3LL/A EMC 3651 661-21968 661-21969 (Silver),No description provided.,10802200,2025-01-14 15:00:53.601,2025-01-14 15:00:53.601,,"['Apple', 'Laptop', 'Electronics']","[https://gclyhedubfskowdnrtmg.supabase.co/storage/v1/object/public/ecommerce/products/71v5lmGp70L._AC_UL320_.jpg""]"""
46,"16 Screen Replacement for MacBook Pro M3 2023 A2991 EMC 8408 LCD Display Assembly 661-38683 (Black)""",No description provided.,11254800,2025-01-14 15:00:55.404,2025-01-14 15:00:55.404,,"['Apple', 'Laptop', 'Electronics']","[https://gclyhedubfskowdnrtmg.supabase.co/storage/v1/object/public/ecommerce/products/71PhtCdCO7L._AC_UL320_.jpg""]"""
47,"GBOLE A2485 Screen Replacement for MacBook Pro 16 M1 2021 A2485 A2780 EMC 3651 661-21968 661-21969 LCD Display Assembly (Space Gray)""",No description provided.,11166300,2025-01-14 15:00:57.314,2025-01-14 15:00:57.314,,"['Apple', 'Laptop', 'Electronics']","[https://gclyhedubfskowdnrtmg.supabase.co/storage/v1/object/public/ecommerce/products/51IxcK5wT7S._AC_UL320_.jpg""]"""
48,WARWOLFTEAM Replacement Laptop Screen for MacBook Pro A2485 M1 2021 EMC 3651 LCD Screen Assembly 16inch 3456X2234 MK1H3LL/A 661-21968 661-21969 (Space Gray),No description provided.,10802200,2025-01-14 15:00:59.196,2025-01-14 15:00:59.196,,"['Apple', 'Laptop', 'Electronics']","[https://gclyhedubfskowdnrtmg.supabase.co/storage/v1/object/public/ecommerce/products/716JHuhr8RL._AC_UL320_.jpg""]"""
49,"Daplinno Screen Replacement for MacBook Pro 16 M1 2021 A2485 EMC 3651 MK1E3LL/A MK1H3LL/A LCD Display Assembly 661-21968 661-21969 (Space Gray)""",No description provided.,11086800,2025-01-14 15:01:01.286,2025-01-14 15:01:01.286,,"['Apple', 'Laptop', 'Electronics']","[https://gclyhedubfskowdnrtmg.supabase.co/storage/v1/object/public/ecommerce/products/61a2rApudaL._AC_UL320_.jpg""]"""
50,"Daplinno Screen Replacement for MacBook Pro 16 M1 2021 A2485 EMC 3651 MK1E3LL/A MK1H3LL/A LCD Display Assembly 661-21968 661-21969 (Silver)""",No description provided.,11118800,2025-01-14 15:01:03.613,2025-01-14 15:01:03.613,,"['Apple', 'Laptop', 'Electronics']","[https://gclyhedubfskowdnrtmg.supabase.co/storage/v1/object/public/ecommerce/products/61GMer4wkfL._AC_UL320_.jpg""]"""
52,Raymarine Wi-Fish DownVision Blackbox Sonar with Wi-Fi,['Transform your smartphone into a powerful CHIRP DownVision sonar with the Wi-Fish wireless sonar. Simply download the free Wi-Fish app and connect to the Wi-Fish module using standard Wi-Fi and you will be streaming real time sonar right to your phone o,0,2025-01-14 15:01:12.285,2025-01-14 15:01:12.285,,"['Electronics', 'Gadget']","[https://gclyhedubfskowdnrtmg.supabase.co/storage/v1/object/public/ecommerce/products/719G-0+WulL._AC_SL1500_.jpg""]"""
61,"NVIDIA NVS 310 by PNY 1 GB DDR3 PCI Express Gen 2 x16 DisplayPort 1.2 Multi-Display Professional Graphics Board, VCNVS310DP-PB (Renewed)","['This pre-owned or refurbished product has been professionally inspected and tested to work and look like new. How a product becomes part of Amazon Renewed, your destination for pre-owned, refurbished products: A customer buys a new product and returns i",524700,2025-01-14 15:01:15.745,2025-01-14 15:01:15.745,,"['Electronics', 'Gadget']","[https://gclyhedubfskowdnrtmg.supabase.co/storage/v1/object/public/ecommerce/products/719zHGln5sL._AC_SL1500_.jpg""]"""
71,"C2G 27385 Network Installation Tool Kit, TAA Compliant","['Product Description', 'Package Contents', 'One crimper for 8P8C/RJ45, 6P6C/RJ12, and 6P4C/RJ11', 'One crimper with interchangeable die for RG58, RG59, 62.5, and 174', 'Die sets for RG58, RG59, 62.5; RG58, RG59, 62.5, 174 fiber optic; RG174, 179, Belden ",0,2025-01-14 15:01:21.725,2025-01-14 15:01:21.725,,"['Electronics', 'Gadget']","[https://gclyhedubfskowdnrtmg.supabase.co/storage/v1/object/public/ecommerce/products/A16LmtVWGUL._AC_SL1500_.jpg""]"""
79,UIHY USB DATA cables 10Ft/3M Fabric Braided Sync Cable Charger Cord For iphone6 iphone6plus iPhone 5/iphone5s/iphone5c,['For iphone6 iphone6plus iPhone 5/iphone5s/iphone5c'],0,2025-01-14 15:01:28.121,2025-01-14 15:01:28.121,,"['Apple', 'Smartphone', 'Mobile', 'Electronics']","[https://gclyhedubfskowdnrtmg.supabase.co/storage/v1/object/public/ecommerce/products/71Dj5Cv9JNL._AC_SL1500_.jpg""]"""
83,"Bluetooth Audio Speaker Power Amplifier - Portable Dual Channel Surround Sound Stereo Receiver - for Amplified Subwoofer Speakers, DVD, MP3, iPhone, Computer, Theater Via 3.5mm RCA - Pyle PCA4BT (Renewed)","['This pre-owned or refurbished product has been professionally inspected and tested to work and look like new. How a product becomes part of Amazon Renewed, your destination for pre-owned, refurbished products: A customer buys a new product and returns i",0,2025-01-14 15:01:30.958,2025-01-14 15:01:30.958,,"['Apple', 'Smartphone', 'Mobile', 'Electronics']","[https://gclyhedubfskowdnrtmg.supabase.co/storage/v1/object/public/ecommerce/products/71w-5CJ+t8L._AC_SL1500_.jpg""]"""
87,"Security Camera Cable 78inches, Pre-Made All-in-One BNC Extension Wire Cord for CCTV Camera","['Security Camera Cable 78inches,Pre-Made All-in-One BNC Extension Wire Cord for CCTV Camera']",0,2025-01-14 15:01:33.74,2025-01-14 15:01:33.74,,"['Electronics', 'Gadget']","[https://gclyhedubfskowdnrtmg.supabase.co/storage/v1/object/public/ecommerce/products/51PsA07tihL._SL1000_.jpg""]"""
93,AirClassics Flight Bag | ASA-BAG-FLT-1,"['Great Flight bag for the begging private pilot. Big enough to hold an ANR headset ( these are typically larger than basic headsets), ipad, stratus adsb unit, water bottle, kneeboard, multiple flashlights, foggles, chargers, and more. only defect on the ",0,2025-01-14 15:01:42.891,2025-01-14 15:01:42.891,,"['Electronics', 'Gadget']","[https://gclyhedubfskowdnrtmg.supabase.co/storage/v1/object/public/ecommerce/products/71j+kmrEf+L._AC_SL1500_.jpg""]"""
111,MEAN WELL SE-1000-24 AC-DC Power Supply Single Output 24V 41.7 Amp,['1000W single output power supply output: 24Vdc 0-41.7a rated output power: 1000.8W protections: short circuit/overload/over voltage/over temperature AC input active surge current limiting built-in remote on-off control built-in remote sense function dim,3187800,2025-01-14 15:01:52.085,2025-01-14 15:01:52.085,,"['Electronics', 'Gadget']","[https://gclyhedubfskowdnrtmg.supabase.co/storage/v1/object/public/ecommerce/products/614+KlqWBAL._SL1000_.jpg""]"""
112,Metra GMOS-LAN-04 GMOS-LAN Interface GM 06-08,"['GMLAN OnStar Interface The GMOS-LAN-04 interface is designed to allow the user to replace the OEM radio with an aftermarket unit in amplified 2006-up Chevrolet HHR, Pontiac Solstice, and Saturn Sky that use the new GMLAN data bus system and retains full",1769850,2025-01-14 15:01:53.904,2025-01-14 15:01:53.904,,"['Electronics', 'Gadget']","[https://gclyhedubfskowdnrtmg.supabase.co/storage/v1/object/public/ecommerce/products/61Zz96mZUIL._AC_SL1500_.jpg""]"""
114,3 MFD 100V Mylar Non-Polarized Crossover Capacitor,['Premium quality Mylar based caps for audiophile quality crossover. Non-polarized axial leads. 3uf @ 100V.'],29850,2025-01-14 15:01:55.756,2025-01-14 15:01:55.756,,"['Electronics', 'Gadget']","[https://gclyhedubfskowdnrtmg.supabase.co/storage/v1/object/public/ecommerce/products/710LKsJ1ZNL._AC_SL1500_.jpg""]"""
120,Bradley Smoker BTSSCART Stainless Steel Storage Cart,['This handy cart is designed to hold your Bradley smoker and also gives great storage behind the door and two drawers. Beautiful high quality stainless steel.'],0,2025-01-14 15:03:00.24,2025-01-14 15:03:00.24,,"['Electronics', 'Gadget']",[]
127,250GB Hard Disk Drive/HDD for Dell Inspiron 13 1318 14 1520 1521 1525 1526 1705 6400 640m 9400 E1405 E1505 E1705 Mini 10 PP23LA pp22l pp22x,['250GB Hard Disk Drive/HDD for Dell Inspiron 13 1318 14 1520 1521 1525 1526 1705 6400 640m 9400 E1405 E1505 E1705 Mini 10 PP23LA pp22l pp22x'],0,2025-01-14 15:03:03.083,2025-01-14 15:03:03.083,,"['Electronics', 'Gadget']","[https://gclyhedubfskowdnrtmg.supabase.co/storage/v1/object/public/ecommerce/products/71tvEOjm8jL._AC_SL1500_.jpg""]"""
128,Intel Dual Band Wireless-Ac 8265 w/Bluetooth 8265.NGWMG,['INTEL WIFI WIRELESS-AC 8265 8265.NGWMG DUAL BAND 2X2 AC + BLUETOOTH M.2 BROWN BO'],300000,2025-01-14 15:03:05.183,2025-01-14 15:03:05.183,,"['Electronics', 'Gadget']","[https://gclyhedubfskowdnrtmg.supabase.co/storage/v1/object/public/ecommerce/products/81pbd5U6D0L._AC_SL1500_.jpg""]"""
129,Sony XBR65X900F 65-Inch 4K Ultra HD Smart LED TV with $40 Off TV Wall Mount,"['BEYOND HIGH DEFINITION: The Sony X900F model television offers the best in 4K HD TV picture quality. With stunning clarity plus high dynamic range color, contrast and detail, and full array local dimming technology, enjoy a lifelike picture, enhanced co",0,2025-01-14 15:03:07.18,2025-01-14 15:03:07.18,,"['Electronics', 'Gadget']","[https://gclyhedubfskowdnrtmg.supabase.co/storage/v1/object/public/ecommerce/products/51oajmIHjdL._AC_SL1001_.jpg""]"""
148,"10 Port Surge Protector, IECOPOWER Electrical Multi Plug Outlet Extender,Wall Mount Extender Power Strip with 4 USB Charging Port,Night Light Black.","['Wall Design Surge Protector with USB', 'Specification:', 'Rated Current: 15 A;', 'Rated Voltage: 125 V;', 'Max Power: 1875 W;', 'USB Charger Power Rating : 5 V-3.4 A;', 'USB Charger Input: 100-240 VAC 50/60 Hz;', 'USB Charger Output: 5 V==2.4 A*4 (Max 3",0,2025-01-14 15:03:24.516,2025-01-14 15:03:24.516,,"['Electronics', 'Gadget']","[https://gclyhedubfskowdnrtmg.supabase.co/storage/v1/object/public/ecommerce/products/51C-bYe1bcL._AC_SL1000_.jpg""]"""
154,2X SCROY Trackpoint Caps for Lenovo ThinkPad Replacement for Keyboard Mouse (Soft Rim),['These trackpoints are replacements for Lenovo ThinkPad Soft Rim or Classic TrackPoint cap. The TrackPoint is compatible with ThinkPad laptops. This TrackPoint provides the best solution for you to replace the original TrackPoint when it is worn.'],104850,2025-01-14 15:03:30.02,2025-01-14 15:03:30.02,,"['Electronics', 'Gadget']","[https://gclyhedubfskowdnrtmg.supabase.co/storage/v1/object/public/ecommerce/products/41vKP2LOthL._AC_SL1000_.jpg""]"""
167,Cisco Small Business Sg110-24 - Switch - 24 Ports - Unmanaged - Rack-Mountable,"['Cisco Small Business SG110-24 - Switch - unmanaged - 22 x 10/100/1000 + 2 x combo Gigabit SFP - rack-mountableEasily build a highly reliable network to connect your computers, printers, copiers, and other office equipment. If your business is like most ",0,2025-01-14 15:03:34.135,2025-01-14 15:03:34.135,,"['Electronics', 'Gadget']","[https://gclyhedubfskowdnrtmg.supabase.co/storage/v1/object/public/ecommerce/products/71sIgmbeYvL._AC_SL1000_.jpg""]"""
169,ICE 100mm ND1000 Square Filter Neutral Density 10 Stop Optical Glass fits Cokin Z,"['ND1000 Filter. 10 Stop exposure correction. No color cast. Optical Glass. Compare to Lee Big Stopper. Fits Cokin Z-100, Lee & Hitech 100mm drop in Filter holders.']",749250,2025-01-14 15:03:35.859,2025-01-14 15:03:35.859,,"['Electronics', 'Gadget']","[https://gclyhedubfskowdnrtmg.supabase.co/storage/v1/object/public/ecommerce/products/41ffzSyTe6L._AC_SL1000_.jpg""]"""
173,Grain Valley DriveTrack 71 Protective Cover Heavy Duty Silicone (Hunter Orange),['The GS71 is a custom-designed cover for the Drive Track 71.'],262500,2025-01-14 15:03:38.046,2025-01-14 15:03:38.046,,"['Electronics', 'Gadget']","[https://gclyhedubfskowdnrtmg.supabase.co/storage/v1/object/public/ecommerce/products/41tSCUQEaiL._AC_SL1000_.jpg""]"""
176,"JVC Gumy Earbuds - in Ear Headphones (HA-FX7MVN), Powerful Sound, Comfortable and Secure Fit, Comes with S/M/L Silicone Ear Pieces, 3.3 ft Cord (Violet)","['Block out background noise and listen to your music with these JVC Gumy Plus headphones with microphone. Equipped with neodymium driver units, these headphones produce plenty of powerful sounds. The built-in mic and one-button remote on these JVC Gumy P",0,2025-01-14 15:03:17.43,2025-01-14 15:03:17.43,,"['Smartphone', 'Mobile', 'Electronics']","[https://gclyhedubfskowdnrtmg.supabase.co/storage/v1/object/public/ecommerce/products/61ArmG67xbL._AC_SL1200_.jpg""]"""
177,Olympus SZ30 SZ10 SZ11 SZ12 SZ14 SZ20 SZ30 SZ-10 SZ-11 SZ-12 SZ-14 SZ-20 ~ LCD Screen Display ~ DIGITAL CAMERA Repair Parts Replacement,"['This item does not include screwdriver or adhesive. If you want the screwdriver, you need to buy this item: http://www.amazon.com/gp/product/B005BOYGL4']",389850,2025-01-14 15:03:40.241,2025-01-14 15:03:40.241,,"['Electronics', 'Gadget']","[https://gclyhedubfskowdnrtmg.supabase.co/storage/v1/object/public/ecommerce/products/714VsY-ciEL._AC_SL1500_.jpg""]"""
183,AC Power Cord Cable 6FT for NEC Computer Monitor with Life Time Warranty,['AC Power Cord Cable 6FT for Samsung LCD TV and many more electronic device using the same plug type.'],148350,2025-01-14 15:03:46.755,2025-01-14 15:03:46.755,,"['Monitor', 'Electronics']","[https://gclyhedubfskowdnrtmg.supabase.co/storage/v1/object/public/ecommerce/products/71F0gkwrh4L._SL1500_.jpg""]"""
188,Plantronics .Audio 645 USB Behind The Head Headset,"['The Plantronics .Audio 645 USB headset combines rich stereo sound with digitally enhanced voice quality for Skype, Windows Live, or Yahoo Messenger Internet calling. A choice of connectivity, between analog and USB, makes it easy to plug and play. Enjoy",0,2025-01-14 15:03:48.6,2025-01-14 15:03:48.6,,"['Electronics', 'Gadget']","[https://gclyhedubfskowdnrtmg.supabase.co/storage/v1/object/public/ecommerce/products/71Kh7ZFOvZL._AC_SL1500_.jpg""]"""
206,Jabra 100-92200002-02 Clear Bluetooth Headset - Retail Packaging - White (Discontinued by Manufacturer),['Jabra 100-92200002-02 Clear Bluetooth Headset'],0,2025-01-14 15:04:02.059,2025-01-14 15:04:02.059,,"['Electronics', 'Gadget']","[https://gclyhedubfskowdnrtmg.supabase.co/storage/v1/object/public/ecommerce/products/61hHrIaHjvL._AC_SL1500_.jpg""]"""
210,"Brigele BG3302 Dual Dash Cam Lens Full HD 1080P 170 Degree Viewing Angle Rearview Mirror Car DVR with 16G SD Card, G-Sensor, Motion Detection, Parking Monitoring, Loop Recording","['With its giant bright and sharp 5” is display, this rearview mirror dash cam is also a backup camera. Dry 3302 comes with all-weather compact camera that can be mounted at the back of your vehicle, for example, right above rear license plate or on the t",0,2025-01-14 15:04:08.641,2025-01-14 15:04:08.641,,"['Monitor', 'Electronics']","[https://gclyhedubfskowdnrtmg.supabase.co/storage/v1/object/public/ecommerce/products/81zRITnxWLL._AC_SL1500_.jpg""]"""
217,Softalk 301ST MiniSoftalk ShoulderRest Black,['- Softalk mini shoulder rest- 4.5 inches in length- Attaches to handset with adhesive- Black'],224100,2025-01-14 15:04:12.612,2025-01-14 15:04:12.612,,"['Electronics', 'Gadget']","[https://gclyhedubfskowdnrtmg.supabase.co/storage/v1/object/public/ecommerce/products/51HkV183jZL._AC_SL1400_.jpg""]"""
218,"AUDIOPIPE SPEAKER 3.5 2-WAY (pair) 90 WATTS""",['Wattage: 90W. Dimension: x x L.. Weight: 1.7 lbs.. 30mm Mylar Tweeter. 3.5 Injection Cone With Rubber Edge. Oz. Magnet Weight. 0.75 ASV Coil. Ohm Impedance. 90 Max. Power.'],344250,2025-01-14 15:04:14.75,2025-01-14 15:04:14.75,,"['Electronics', 'Gadget']","[https://gclyhedubfskowdnrtmg.supabase.co/storage/v1/object/public/ecommerce/products/61q0VR8DNrL._AC_SL1100_.jpg""]"""
227,"Pyle-Pro PH714 Constant Directivity Loudspeaker Horn (Screw-on Type, 16.5 x 6.25"")""","['The PH714 Loudspeaker Horn is made to operate smoothly down to the lowest possible crossover frequency, while maintaining consistent dispersion throughout its intended range. Incredibly durable, these horns are made from the highest quality ABS glass fi",0,2025-01-14 15:04:16.687,2025-01-14 15:04:16.687,,"['Electronics', 'Gadget']","[https://gclyhedubfskowdnrtmg.supabase.co/storage/v1/object/public/ecommerce/products/51uUFwbETeL._AC_SL1000_.jpg""]"""
233,Eshopps Dosing Liquid 5.0 Container,"['Eshopps USA produces the quality pet products at amazing prices. Whether it is for aquatic health, or even your pets happiness with toys, Eshopps continues to design and adapt with the times, creating a happy loving environment for your loved ones.']",0,2025-01-14 15:04:23.18,2025-01-14 15:04:23.18,,"['Electronics', 'Gadget']","[https://gclyhedubfskowdnrtmg.supabase.co/storage/v1/object/public/ecommerce/products/51u1VHQz+1L._AC_SL1000_.jpg""]"""
239,"VIVO Spare RF Remote for Compatible Electric Motorized TV Mounts, 2 Memory Settings, Radio Frequency, Wide Operating Range, Batteries Not Included, Black, PT-RT-70","['Spare RF remote control (PT-RT-70) from VIVO. Fits our electric TV mounts; MOUNT-E-FD55, MOUNT-E-FD70, MOUNT-E-MM070, MOUNT-E-UP44, MOUNT-E-UP65, and MOUNT-E-WM075.']",224850,2025-01-14 15:04:30.53,2025-01-14 15:04:30.53,,"['Electronics', 'Gadget']","[https://gclyhedubfskowdnrtmg.supabase.co/storage/v1/object/public/ecommerce/products/61+dQtSX7cL._AC_SL1500_.jpg""]"""
241,Turntable Belt for Dual 522 Turntable,['This is the drive belt for the Dual 522 turntable. These are brand new stock belts made to the OEM specs. All belt kits come with a Lifetime Warranty'],266250,2025-01-14 15:04:32.441,2025-01-14 15:04:32.441,,"['Electronics', 'Gadget']","[https://gclyhedubfskowdnrtmg.supabase.co/storage/v1/object/public/ecommerce/products/51nN79n44cL._AC_SL1169_.jpg""]"""
242,Garmin NMEA 2000 Terminator (Male),"['We make products that are engineered on the inside for life on the outside. We do this, so our customers can make the most of the time they spend pursuing their passions.']",224850,2025-01-14 15:04:34.931,2025-01-14 15:04:34.931,,"['Electronics', 'Gadget']","[https://gclyhedubfskowdnrtmg.supabase.co/storage/v1/object/public/ecommerce/products/410z+X4xFEL._AC_SL1000_.jpg""]"""
245,"Bootable USB Stick for macOS X Catalina 10.15 - Full OS Install, Reinstall, Recovery and Upgrade","['Bootable USB Stick - macOS X Catalina 10.15 - Full OS Install, Reinstall, Recovery and Upgrade . Please CHECK twice if your Mac model is compatible with this macOS!! If you are not 100% sure please message me your mac model and year and I can tell for s",329850,2025-01-14 15:04:41.779,2025-01-14 15:04:41.779,,"['Electronics', 'Gadget']","[https://gclyhedubfskowdnrtmg.supabase.co/storage/v1/object/public/ecommerce/products/41eRogH+NIL._AC_SL1000_.jpg""]"""
262,"Kingston Technology 8GB DDR4 2133MHz DIMM Memory for Select Lenovo, Acer, Dell, & HP Desktops (KCP421ND8/8)",['Kingston is the industry leader in PC memory. Kingston is your best source for system-specific memory. Product is backed by a lifetime warranty and free technical support. Included in the package is one 8GB module of select Lenovo Desktop Memory. Specs ,648000,2025-01-14 15:04:44.197,2025-01-14 15:04:44.197,,"['Desktop', 'Electronics']","[https://gclyhedubfskowdnrtmg.supabase.co/storage/v1/object/public/ecommerce/products/71azJ7Yo5AL._AC_SL1500_.jpg""]"""
278,Klipsch ProMedia 2.1 THX Certified Computer Speaker System (Black) (Renewed),['31 Hz to 20 kHz frequency response range'],0,2025-01-14 15:04:48.128,2025-01-14 15:04:48.128,,"['Electronics', 'Gadget']","[https://gclyhedubfskowdnrtmg.supabase.co/storage/v1/object/public/ecommerce/products/51hmCvxCzTL._AC_SL1068_.jpg""]"""
285,"PIONEER GM-D8701 Mono 1600W Class-FD Car Amp, with Bass Boost Remote","['An amplifier shouldn’t take up too much space, especially in your car. This Class-D amp might just be what you’re looking for. It combines a 1-Ohm stable circuit, installation flexibility and a superior high-power output.']",0,2025-01-14 15:04:55.26,2025-01-14 15:04:55.26,,"['Electronics', 'Gadget']","[https://gclyhedubfskowdnrtmg.supabase.co/storage/v1/object/public/ecommerce/products/51rIQgd4Z4L._AC_SL1200_.jpg""]"""
287,Cisco Switch (WS-C4503-E=),"['The 3-slot Cisco Catalyst 4503-E chassis are ideal for Power over Ethernet (PoE) or non-PoE wiring closets, and small distribution, small core, and branch offices. These chassis support all Cisco Catalyst 4500 Series classic and E-Series line cards.']",0,2025-01-14 15:01:18.7,2025-01-14 15:01:18.7,,"['Electronics', 'Gadget']","[https://gclyhedubfskowdnrtmg.supabase.co/storage/v1/object/public/ecommerce/products/719qfdo5LuL._AC_SL1500_.jpg""]"""
301,Plantronics 89037-03 Ear Tips Kit,"['Replacement eartip kits for the Plantronics Voyager Legend headset are available in three different sizes: small, medium, and large. Each eartip kit contains 3 silicone eartips of the same size (small, medium, or large). The small and medium sizes come ",0,2025-01-14 15:05:09.99,2025-01-14 15:05:09.99,,"['Electronics', 'Gadget']","[https://gclyhedubfskowdnrtmg.supabase.co/storage/v1/object/public/ecommerce/products/71gbdGVnr4L._AC_SL1500_.jpg""]"""
308,2 Pack Fenzer Cordless Phone Batteries for Vtech CS51112 CS5121 CS5121-2,"['Fenzer 2 pack long lasting, rechargable batteries. Compatible with: Vtech CS51112 CS5121 CS5121-2']",0,2025-01-14 15:05:19.244,2025-01-14 15:05:19.244,,"['Smartphone', 'Mobile', 'Electronics']","[https://gclyhedubfskowdnrtmg.supabase.co/storage/v1/object/public/ecommerce/products/618USxguiJL._AC_SL1000_.jpg""]"""
310,NEC Easy to Use Video Projector (NP-M283X),"['Easy to use and at the right price, M Series projectors using the latest DLP(R) technology from Texas Instruments provide all the essential features that you need to connect with your audience. The 2800-lumen, XGA (1024 x 768) native resolution NEC M283",10485000,2025-01-14 15:05:21.335,2025-01-14 15:05:21.335,,"['Electronics', 'Gadget']","[https://gclyhedubfskowdnrtmg.supabase.co/storage/v1/object/public/ecommerce/products/61fZevQ9MfL._AC_SL1500_.jpg""]"""
317,Novoflex Adapter for Leica R Lenses to Micro Four Thirds Body (MFT/LER),['The\xa0Novoflex MFT/LER Adapter\xa0allows the combining of Leica R lenses with the new Micro Four Thirds cameras. This adapter ensures a highly-precise correction of the flange focal length difference and enables focusing to infinity.'],2301000,2025-01-14 15:05:25.421,2025-01-14 15:05:25.421,,"['Electronics', 'Gadget']","[https://gclyhedubfskowdnrtmg.supabase.co/storage/v1/object/public/ecommerce/products/61Jr9vAhEVL._AC_SL1500_.jpg""]"""
334,Ionic Apple iPad Air 2 Screen Protector (iPad 6) Film Matte (Anti-Glare) (3-Pack),"['Ionic Apple iPad Air 2 Screen Protector (iPad 6) Film MATTE (Anti-Glare) (3-pack)', 'Guards against scratches, smears, dust and dirt, and keeps your LCD screen in perfect condition. Screen protectors provide crystal-clear visibility and do not interfere",0,2025-01-14 15:05:31.363,2025-01-14 15:05:31.363,,"['Electronics', 'Gadget']","[https://gclyhedubfskowdnrtmg.supabase.co/storage/v1/object/public/ecommerce/products/716wIGvWk8L._AC_SL1280_.jpg""]"""
347,Compatible with Microsoft Xbox Delta Power Suppy Board,['Xbox - Board - Delta Power Supply Board'],0,2025-01-14 15:05:42.442,2025-01-14 15:05:42.442,,"['Electronics', 'Gadget']","[https://gclyhedubfskowdnrtmg.supabase.co/storage/v1/object/public/ecommerce/products/719Sa+8nrTL._AC_SL1500_.jpg""]"""
348,"Garmin Replacement Band, Forerunner 610, Multi Color",['Keep your training on track with our adjustable and comfortable watch bands for the Forerunner 610. Individual colors sold separately; both include removal tool.'],478800,2025-01-14 15:05:44.12,2025-01-14 15:05:44.12,,"['Electronics', 'Gadget']","[https://gclyhedubfskowdnrtmg.supabase.co/storage/v1/object/public/ecommerce/products/71dBeafFbsL._AC_SL1500_.jpg""]"""
353,Belkin USB 2.0 4-Port Mobile-Flex Hub (F4U046V),['The travel-friendly 4-Port Flex-Hub adds four easy-access USB ports to your laptop/netbook/ultrabook —the included Mini B and Micro B connectors work with most smartphones and mobile devices.'],5407650,2025-01-14 15:05:45.859,2025-01-14 15:05:45.859,,"['Electronics', 'Gadget']","[https://gclyhedubfskowdnrtmg.supabase.co/storage/v1/object/public/ecommerce/products/41Oph3gngOL._AC_SL1000_.jpg""]"""
372,"BalZout Fishfinder Mount Silver 6 Arm Fits Hbird/Lowrance/Garmin""","['How It Works: BalZout brackets typically consist of 5 components: a base, two knuckle joints, a connecting arm and a mounting plate. Each joint has a positive locking ball and socket mechanism, get them tight and they won\'t budge! Each joint moves in 3",0,2025-01-14 15:05:52.72,2025-01-14 15:05:52.72,,"['Electronics', 'Gadget']","[https://gclyhedubfskowdnrtmg.supabase.co/storage/v1/object/public/ecommerce/products/51todRZjxrL._AC_SL1065_.jpg""]"""
390,Compact Dish Level,"['Skywalker Signature Series Dish Level', 'So compact, this dish level fits in your pocket. Small but strong, our Signature Series Dish Level is made of tough shock resistant plastic and contains (2) 360° vials. This little level is a big help.']",104850,2025-01-14 15:06:04.82,2025-01-14 15:06:04.82,,"['Electronics', 'Gadget']","[https://gclyhedubfskowdnrtmg.supabase.co/storage/v1/object/public/ecommerce/products/51an-Ld61GL._AC_SL1000_.jpg""]"""
414,"JacobsParts DC Power Jack Adapter Plug Female Pigtails 5.5mm x 2.1mm 30cm/12in for LED Strip Light, CCTV Security Camera, DVR (2-Pack)","['Add a female barrel jack to to your device or project. These pigtails have moulded 5.5x2.1mm jacks with black PVC covering the wire. The end is pre-stripped and tinned and is ready to be soldered, connected with terminals, or connected with wire nuts.']",59850,2025-01-14 15:06:09.927,2025-01-14 15:06:09.927,,"['Electronics', 'Gadget']","[https://gclyhedubfskowdnrtmg.supabase.co/storage/v1/object/public/ecommerce/products/61z9VZPR2+L._AC_SL1500_.jpg""]"""
455,Nikon 1 J1 HD Digital Camera System with 10-30mm Lens (Silver) (OLD MODEL),"['From the Manufacturer', 'For your very mobile lifestyle comes a completely new imaging system with freedom to create and express as never before. Highly compact and portable, the Nikon 1 J1 goes everywhere you go. Moments from your amazing world are cap",0,2025-01-14 15:06:21.613,2025-01-14 15:06:21.613,,"['Electronics', 'Gadget']","[https://gclyhedubfskowdnrtmg.supabase.co/storage/v1/object/public/ecommerce/products/81WwLZ3iyaL._AC_SL1500_.jpg""]"""
461,Oversize Ana-Pro(TM) Green/Magenta 3D Glasses - 3 Pairs,"['Oversize Green/Magenta 3D Glasses. able to fit over most prescription glasses. Study acrylic construction. For use with all green/Magenta 3D content on the TV, computer monitor, and smart phone.']",134850,2025-01-14 15:06:24.026,2025-01-14 15:06:24.026,,"['Electronics', 'Gadget']","[https://gclyhedubfskowdnrtmg.supabase.co/storage/v1/object/public/ecommerce/products/710PwfDDsVL._AC_SL1500_.jpg""]"""
467,Power Supply VMRD2 For DELL OPTIPLEX 7010 9010 GX790 GX990 240W N9MWK T5VF6,['Power Supply Module'],899850,2025-01-14 15:06:29.122,2025-01-14 15:06:29.122,,"['Electronics', 'Gadget']","[https://gclyhedubfskowdnrtmg.supabase.co/storage/v1/object/public/ecommerce/products/81FHyCAerdL._AC_SL1500_.jpg""]"""
475,"Sewell Direct SW-23481 Bulk RG59 Power Siamese Cable, 500 Feet Spool, 18 AWG, Braid and Foil Shield, White","['Siamese cables give you the power to centralize your video and power distribution for your CCTV systems, and allows for more flexible placement of your security cameras. RG59 has long been the standard for video distribution cabling that is both afforda",1101000,2025-01-14 15:06:35.731,2025-01-14 15:06:35.731,,"['Electronics', 'Gadget']","[https://gclyhedubfskowdnrtmg.supabase.co/storage/v1/object/public/ecommerce/products/61iB4unGZrL._AC_SL1500_.jpg""]"""
477,"Bulldog Deluxe Security Cable, Silver, 6-Feet",['Long lasting and built for the outdoors'],269850,2025-01-14 15:06:37.574,2025-01-14 15:06:37.574,,"['Electronics', 'Gadget']","[https://gclyhedubfskowdnrtmg.supabase.co/storage/v1/object/public/ecommerce/products/81Dhe5D2-FL._AC_SL1500_.jpg""]"""
